stamp,phi,theta,psi,p,q,r,p_dot,q_dot,r_dot,Tix,Tiy,Tiz,Gx,Gy,Gz,cmdTroll,cmdTpitch,cmdTyaw,rawIroll,rawIpitch,rawIyaw
1745872631.293752,-3.073564,0.011210,0.287480,-0.000648,0.001194,-0.001876,0.000000,0.000000,0.000000,-0.000007,-0.000002,0.000001,-0.000007,0.000002,-0.000001,-0.000001,0.000000,0.000000,2024,2057,2057
1745872631.298768,-3.073564,0.011210,0.287480,-0.000648,0.001194,-0.001876,0.000000,0.000000,0.000000,-0.000007,-0.000002,0.000001,-0.000007,0.000002,-0.000001,-0.000001,0.000000,0.000000,2024,2057,2057
1745872631.303740,-3.073631,0.011297,0.287525,-0.003430,-0.000720,0.000549,-0.067770,-0.046611,0.059087,-0.205746,-0.081355,0.152060,-0.207398,0.091494,-0.146194,-0.020740,0.000000,0.000000,2021,2057,2057
1745872631.308741,-3.073682,0.011369,0.287599,-0.004124,-0.006863,0.003891,-0.119733,-0.221210,0.171464,-0.364406,-0.389550,0.437591,-0.369069,0.418346,-0.410175,-0.036907,0.000000,0.000000,2018,2057,2057
1745872631.313737,-3.073682,0.011369,0.287599,-0.004124,-0.006863,0.003891,-0.137899,-0.304419,0.221459,-0.419975,-0.536549,0.564396,-0.425964,0.573612,-0.526720,-0.042596,0.000000,0.000000,2018,2057,2057
1745872631.318743,-3.073779,0.011578,0.287741,-0.000038,-0.009253,0.000079,-0.032305,-0.378499,0.132521,-0.099352,-0.671658,0.330980,-0.102649,0.692542,-0.284725,-0.010265,0.000000,0.000000,2022,2057,2057
1745872631.323797,-3.073779,0.011578,0.287741,-0.000038,-0.009253,0.000079,0.039104,-0.378869,0.059320,0.117608,-0.674625,0.140897,0.116510,0.682622,-0.094865,0.011651,0.000000,0.000000,2058,2057,2057
1745872631.328789,-3.073779,0.011578,0.287741,-0.000038,-0.009253,0.000079,0.078700,-0.332256,0.006441,0.238062,-0.593063,0.005207,0.238467,0.592053,0.034994,0.023847,0.000000,0.000000,2060,2057,2057
1745872631.333753,-3.073668,0.011770,0.287872,0.037313,-0.028340,-0.009841,1.002491,-0.726793,-0.268876,3.037283,-1.305457,-0.729460,3.046892,1.252937,0.816439,0.304689,0.000000,0.000000,2100,2057,2057
1745872631.338745,-3.075441,0.011867,0.288567,-0.453210,0.105114,-0.113644,-10.528223,2.374066,-2.950916,-31.847339,4.069158,-7.345972,-31.763546,-4.545853,7.061416,-3.176355,0.000000,0.000000,1569,2057,2057
1745872631.343741,-3.084852,0.012304,0.290086,-1.118425,-0.116082,-0.234882,-32.833883,-1.367478,-7.257847,-99.154048,-3.108774,-18.465124,-98.925035,2.056610,18.613116,-9.892504,0.000000,0.000000,608,2057,2057
1745872631.348742,-3.100818,0.012808,0.292998,-2.101842,0.006849,-0.320702,-67.035018,-0.556726,-11.199146,-202.651411,-2.380457,-27.923593,-202.292804,1.240216,27.999716,-20.229280,0.000000,0.000000,0,2057,2057
1745872631.353748,-3.100818,0.012808,0.292998,-2.101842,0.006849,-0.320702,-80.463400,0.024805,-12.320484,-243.258567,-1.363882,-30.623398,-242.865939,0.114433,30.656055,-24.286594,0.000000,0.000000,0,2057,2057
1745872631.358773,-3.100818,0.012808,0.292998,-2.101842,0.006849,-0.320702,-79.069101,0.390800,-11.513744,-239.052004,-0.695846,-28.549398,-238.686268,-0.468504,28.556376,-23.868627,0.000000,0.000000,0,2057,2057
1745872631.363748,-3.130399,0.012975,0.294890,-3.582030,-0.055833,-0.195490,-104.600297,-0.956561,-6.546011,-316.306261,-2.974580,-15.674939,-316.102442,2.798944,15.708573,-31.610244,0.000000,0.000000,0,2057,2057
1745872631.368745,3.115791,0.011999,0.296214,-4.327853,0.175713,-0.090812,-126.364915,3.971862,-0.024260,-382.325071,6.328510,2.467543,-382.352711,-6.390064,-2.303618,-38.235271,0.000000,0.000000,0,2057,2057
1745872631.373745,3.115791,0.011999,0.296214,-4.327853,0.175713,-0.090812,-124.673201,6.605607,4.107378,-377.261758,10.978166,13.105621,-377.415567,-11.312624,-12.818956,-37.741557,0.000000,0.000000,0,2057,2057
1745872631.378752,3.115791,0.011999,0.296214,-4.327853,0.175713,-0.090812,-108.307566,7.463441,6.220421,-327.780706,12.485375,18.346712,-327.996918,-12.954547,-18.019792,-32.799692,0.000000,0.000000,0,2057,2057
1745872631.383752,3.115791,0.011999,0.296214,-4.327853,0.175713,-0.090812,-84.689915,7.089399,6.791241,-256.340744,11.814135,19.515431,-256.571183,-12.313682,-19.205524,-25.657118,0.000000,0.000000,0,2057,2057
1745872631.388747,3.068896,0.009064,0.295637,-5.455185,0.414704,0.129091,-86.994570,11.834714,11.702862,-263.169653,21.501800,33.652868,-263.459736,-23.889310,-32.003562,-26.345974,0.000000,0.000000,0,2057,2057
1745872631.393744,3.068896,0.009064,0.295637,-5.455185,0.414704,0.129091,-77.814973,13.391146,13.380685,-235.415722,24.229526,37.845384,-235.741912,-26.914346,-35.987045,-23.574191,0.000000,0.000000,0,2057,2057
1745872631.398747,3.019768,0.005819,0.293912,-5.323193,0.278051,0.243887,-59.231647,9.386625,15.618885,-179.103044,17.697027,42.384734,-179.335330,-22.716616,-39.920668,-17.933533,0.000000,0.000000,0,2057,2057
1745872631.403752,3.019768,0.005819,0.293912,-5.323193,0.278051,0.243887,-40.208677,5.701756,15.118210,-121.550291,11.116197,41.171158,-121.780221,-16.037082,-39.515807,-12.178022,0.000000,0.000000,281,2057,2057
1745872631.408749,2.923943,-0.000376,0.291431,-5.164166,0.241441,0.112980,-19.378673,1.780469,9.744004,-58.577799,2.487464,26.427122,-58.568305,-8.135324,-25.266516,-5.856831,0.000000,0.000000,1186,2057,2057
1745872631.413745,2.923943,-0.000376,0.291431,-5.164166,0.241441,0.112980,-3.831416,-0.917840,5.152329,-11.543906,-1.986914,14.981365,-11.538249,-1.294966,-15.056966,-1.153825,0.000000,0.000000,1859,2057,2057
1745872631.418764,2.881816,-0.002202,0.292472,-4.578226,0.258205,-0.124134,20.927121,-2.107454,-4.229159,63.176206,-5.174670,-9.698066,63.158493,7.492141,8.043496,6.315849,0.000000,0.000000,2951,2057,2057
1745872631.423780,2.881816,-0.002202,0.292472,-4.578226,0.258205,-0.124134,33.975257,-2.598486,-9.629773,102.638243,-5.472392,-23.297409,102.591756,11.273072,21.110101,10.259176,0.000000,0.000000,3509,2057,2057
1745872631.428752,2.843419,-0.001944,0.294839,-4.058525,-0.083858,-0.276552,50.656893,-10.922607,-15.548662,153.332729,-19.680298,-39.028218,153.271459,30.277405,31.524568,15.327146,0.000000,0.000000,4095,2057,2057
1745872631.433752,2.810822,-0.002026,0.297556,-3.623781,0.242390,-0.227995,65.769760,-6.904553,-16.237467,198.794028,-12.680027,-39.587831,198.726530,24.849692,33.323817,19.872653,0.000000,0.000000,4095,2057,2057
1745872631.438754,2.810822,-0.002026,0.297556,-3.623781,0.242390,-0.227995,67.272196,-3.516134,-14.683464,203.342629,-6.567905,-36.166039,203.277666,17.957592,32.072556,20.327767,0.000000,0.000000,4095,2057,2057
1745872631.443749,2.766599,-0.002394,0.300785,-2.763246,0.104751,-0.186804,81.047770,-4.314536,-10.896224,245.144632,-7.505159,-26.487113,245.092213,16.684974,21.897694,24.509221,0.000000,0.000000,4095,2057,2057
1745872631.448824,2.741662,-0.002848,0.300673,-2.756614,0.018744,0.087681,80.001077,-6.430761,-0.281685,242.039928,-11.938274,0.921487,242.055582,10.637419,-5.497008,24.205558,0.000000,0.000000,4095,2057,2057
1745872631.453748,2.741662,-0.002848,0.300673,-2.756614,0.018744,0.087681,69.566775,-6.934335,6.228155,210.493201,-13.951161,17.016339,210.553303,6.224869,-21.105575,21.055330,0.000000,0.000000,4095,2057,2057
1745872631.458789,2.741662,-0.002848,0.300673,-2.756614,0.018744,0.087681,54.309250,-6.419056,9.711381,164.345110,-13.532517,25.470849,164.426924,2.547464,-28.729954,16.442692,0.000000,0.000000,4095,2057,2057
1745872631.463752,2.741662,-0.002848,0.300673,-2.756614,0.018744,0.087681,38.179332,-5.312226,10.683203,115.549843,-11.580124,27.636515,115.635172,-0.094073,-29.964557,11.563517,0.000000,0.000000,3694,2057,2057
1745872631.468750,2.719286,-0.003268,0.300481,-2.437022,-0.006823,0.027735,31.062172,-4.585643,8.537161,94.004833,-10.131875,21.888374,94.083661,0.270448,-24.118227,9.408366,0.000000,0.000000,3389,2057,2057
1745872631.473752,2.694035,-0.004736,0.301113,-2.941153,0.248285,0.020880,10.394776,2.688874,5.964684,31.414854,3.351418,14.644835,31.470513,-9.359098,-11.752173,3.147051,0.000000,0.000000,2502,2057,2057
1745872631.478757,2.694035,-0.004736,0.301113,-2.941153,0.248285,0.020880,-3.955518,6.961342,3.605609,-12.012649,12.031784,8.068711,-12.002859,-14.338590,-2.067086,-1.200286,0.000000,0.000000,1852,2057,2057
1745872631.483753,2.668464,-0.005684,0.302219,-2.778879,0.128616,-0.122969,-8.557575,5.876035,-1.847080,-25.935979,10.948425,-5.856686,-25.993964,-7.076970,10.202385,-2.599396,0.000000,0.000000,1652,2057,2057
1745872631.488758,2.668464,-0.005684,0.302219,-2.778879,0.128616,-0.122969,-10.425864,4.468098,-5.076813,-31.608204,8.796083,-13.425166,-31.698905,-1.712312,15.958771,-3.169891,0.000000,0.000000,1570,2057,2057
1745872631.493757,2.639500,-0.004513,0.304075,-3.477036,0.059032,-0.251957,-27.427337,1.327038,-9.652954,-82.979892,3.211618,-24.671495,-83.084479,9.058204,23.172333,-8.308448,0.000000,0.000000,835,2057,2057
1745872631.498754,2.604188,-0.004042,0.306441,-4.033010,0.026266,-0.232647,-48.436601,-1.624212,-10.892607,-146.528032,-2.175831,-27.078145,-146.617563,15.730649,22.147570,-14.661756,0.000000,0.000000,0,2057,2057
1745872631.503756,2.604188,-0.004042,0.306441,-4.033010,0.026266,-0.232647,-55.807123,-3.294047,-10.343364,-168.823307,-5.612856,-25.474448,-168.900156,17.862246,19.010464,-16.890016,0.000000,0.000000,0,2057,2057
1745872631.508781,2.604188,-0.004042,0.306441,-4.033010,0.026266,-0.232647,-53.616094,-3.949193,-8.720461,-162.187259,-7.242495,-21.478564,-162.246859,17.216646,14.743578,-16.224686,0.000000,0.000000,0,2057,2057
1745872631.513764,2.604188,-0.004042,0.306441,-4.033010,0.026266,-0.232647,-45.666742,-3.874754,-6.634773,-138.128548,-7.510812,-16.502284,-138.170312,14.899743,10.331364,-13.817031,0.000000,0.000000,47,2057,2057
1745872631.518756,2.566311,-0.003883,0.308669,-4.342975,0.247051,-0.187024,-42.638752,2.045169,-3.386762,-129.111719,2.561498,-9.467814,-129.147981,3.001970,9.337573,-12.914798,0.000000,0.000000,176,2057,2057
1745872631.523757,2.566311,-0.003883,0.308669,-4.342975,0.247051,-0.187024,-35.503148,5.548492,-0.913097,-107.514203,9.129829,-4.351472,-107.547672,-5.292770,8.618398,-10.754767,0.000000,0.000000,485,2057,2057
1745872631.528759,2.483366,-0.006971,0.310520,-4.425558,0.187305,0.115296,-28.661133,5.620201,8.174134,-86.660738,9.055785,18.043658,-86.599851,-18.201407,-8.734605,-8.659985,0.000000,0.000000,784,2057,2057
1745872631.533771,2.483366,-0.006971,0.310520,-4.425558,0.187305,0.115296,-20.804938,4.975179,12.927592,-62.855192,6.665808,29.111231,-62.723081,-23.080945,-18.952156,-6.272308,0.000000,0.000000,1126,2057,2057
1745872631.538756,2.442626,-0.009681,0.310864,-4.649889,0.348025,0.160375,-18.799866,7.886464,15.433559,-56.821946,11.212043,33.841619,-56.640980,-30.357510,-18.692764,-5.664098,0.000000,0.000000,1213,2057,2057
1745872631.543754,2.403350,-0.011805,0.311771,-4.150227,0.186785,0.051027,-2.995806,4.823453,12.462718,-8.944125,6.442299,26.740269,-8.761811,-22.760974,-15.443979,-0.876181,0.000000,0.000000,1898,2057,2057
1745872631.548768,2.369155,-0.012751,0.313221,-3.772817,0.204022,-0.084421,16.675081,2.710640,5.719092,50.466552,3.245717,11.442799,50.542175,-10.310359,-5.930813,5.054217,0.000000,0.000000,2772,2057,2057
1745872631.553754,2.369155,-0.012751,0.313221,-3.772817,0.204022,-0.084421,26.990667,1.051234,0.781871,81.600265,0.744490,1.138569,81.604038,-1.327801,-0.295913,8.160404,0.000000,0.000000,3212,2057,2057
1745872631.558812,2.369155,-0.012751,0.313221,-3.772817,0.204022,-0.084421,30.282584,-0.144854,-2.486912,91.510962,-1.119947,-5.714494,91.468738,4.790169,3.311463,9.146874,0.000000,0.000000,3352,2057,2057
1745872631.563766,2.369155,-0.012751,0.313221,-3.772817,0.204022,-0.084421,28.593539,-0.864482,-4.196807,86.376456,-2.296216,-9.329158,86.311687,8.155240,5.079571,8.631169,0.000000,0.000000,3279,2057,2057
1745872631.568762,2.337678,-0.011801,0.315026,-3.321706,0.044400,-0.236721,35.087663,-5.127674,-8.510620,106.108747,-9.848445,-18.113554,106.044106,19.876941,5.477599,10.604411,0.000000,0.000000,3558,2057,2057
1745872631.573755,2.308230,-0.010243,0.316670,-3.304083,0.030846,-0.247562,35.337030,-7.528386,-10.463505,106.868605,-14.735154,-21.655410,106.831176,25.937037,3.654185,10.683118,0.000000,0.000000,3569,2057,2057
1745872631.578760,2.308230,-0.010243,0.316670,-3.304083,0.030846,-0.247562,31.167662,-8.129710,-10.421221,94.256382,-16.079016,-21.479528,94.230353,26.710451,2.541144,9.423035,0.000000,0.000000,3391,2057,2057
1745872631.583766,2.277631,-0.009069,0.318515,-3.420900,0.132263,-0.227167,21.840423,-5.024370,-8.614844,66.042883,-10.181223,-18.380318,66.004842,20.588779,4.194881,6.600484,0.000000,0.000000,2991,2057,2057
1745872631.588763,2.277631,-0.009069,0.318515,-3.420900,0.132263,-0.227167,13.275240,-2.448169,-6.418557,40.153197,-4.874524,-14.391350,40.102053,14.109153,5.639714,4.010205,0.000000,0.000000,2624,2057,2057
1745872631.593766,2.244790,-0.008797,0.319928,-3.662793,0.043825,-0.064923,0.296276,-2.684745,-0.264688,0.898498,-6.297884,-0.427625,0.939440,4.264700,-4.654054,0.093944,0.000000,0.000000,2070,2057,2057
1745872631.598760,2.209568,-0.009478,0.320997,-4.060673,0.171463,0.009732,-17.669987,0.617848,5.479543,-53.441257,-0.828921,10.516537,-53.375516,-7.948768,-6.935854,-5.337552,0.000000,0.000000,1260,2057,2057
1745872631.603757,2.209568,-0.009478,0.320997,-4.060673,0.171463,0.009732,-26.886144,2.633632,8.446947,-81.289765,3.173060,16.109265,-81.222873,-14.824791,-7.057391,-8.122287,0.000000,0.000000,861,2057,2057
1745872631.608764,2.209568,-0.009478,0.320997,-4.060673,0.171463,0.009732,-29.431265,3.588419,9.292146,-88.980338,5.189138,17.620465,-88.920247,-17.240031,-6.339785,-8.892025,0.000000,0.000000,751,2057,2057
1745872631.613756,2.209568,-0.009478,0.320997,-4.060673,0.171463,0.009732,-27.430639,3.750687,8.686748,-82.934983,5.692885,16.356261,-82.885870,-16.525430,-5.181580,-8.288587,0.000000,0.000000,838,2057,2057
1745872631.618759,2.134187,-0.010947,0.323826,-4.452852,0.291558,-0.028759,-32.418267,6.338367,6.296380,-98.103706,11.823436,9.488603,-98.157664,-14.336507,4.928965,-9.815766,0.000000,0.000000,619,2057,2057
1745872631.623769,2.134187,-0.010947,0.323826,-4.452852,0.291558,-0.028759,-31.596002,7.198986,4.008982,-95.647172,14.321669,4.723069,-95.752117,-11.641687,9.586435,-9.575212,0.000000,0.000000,654,2057,2057
1745872631.628762,2.090934,-0.011433,0.325371,-4.695593,0.082397,-0.090471,-33.143583,1.741812,0.567539,-100.250496,3.721476,-0.660053,-100.291170,-1.276812,3.557591,-10.029117,0.000000,0.000000,589,2057,2057
1745872631.633770,2.047176,-0.010750,0.327437,-5.059299,0.229668,-0.147117,-38.990207,1.677898,-3.076530,-117.982967,3.518545,-9.132607,-118.061603,6.502313,7.315106,-11.806160,0.000000,0.000000,334,2057,2057
1745872631.638767,2.047176,-0.010750,0.327437,-5.059299,0.229668,-0.147117,-37.897293,1.431815,-4.998203,-114.701848,3.278442,-12.821280,-114.796375,9.890396,8.793317,-11.479637,0.000000,0.000000,381,2057,2057
1745872631.643762,2.047176,-0.010750,0.327437,-5.059299,0.229668,-0.147117,-32.571152,1.101115,-5.601768,-98.597017,2.587035,-13.867304,-98.690095,11.137012,8.658551,-9.869010,0.000000,0.000000,611,2057,2057
1745872631.648757,2.001579,-0.011168,0.329798,-4.857881,0.166288,-0.065865,-20.288266,-0.794167,-3.310097,-61.433640,-2.148451,-7.910087,-61.448728,8.084570,1.351027,-6.144873,0.000000,0.000000,1144,2057,2057
1745872631.653762,1.960775,-0.011127,0.331192,-4.442590,0.105520,-0.013218,0.167539,-3.388529,-0.160825,0.492967,-8.842669,-0.461686,0.582025,3.788723,-8.003715,0.058203,0.000000,0.000000,2065,2057,2057
1745872631.658799,1.960775,-0.011127,0.331192,-4.442590,0.105520,-0.013218,13.163333,-4.620835,1.862992,39.836009,-12.219101,3.755020,39.977657,1.172232,-12.729986,3.997766,0.000000,0.000000,2623,2057,2057
1745872631.663761,1.960775,-0.011127,0.331192,-4.442590,0.105520,-0.013218,19.627380,-4.820669,2.892524,59.405158,-12.881036,5.829771,59.562396,-0.495095,-14.131063,5.956240,0.000000,0.000000,2900,2057,2057
1745872631.668761,1.919818,-0.011759,0.333219,-4.575143,0.254057,-0.008667,18.124103,-0.723013,3.310254,54.809707,-3.491778,4.864597,54.867858,-3.377185,-4.945181,5.486786,0.000000,0.000000,2833,2057,2057
1745872631.673763,1.882308,-0.011437,0.334364,-4.121549,0.146475,-0.096064,26.068053,-0.678476,1.027169,78.891809,-2.063212,1.112403,78.918170,-0.426493,-2.305013,7.891817,0.000000,0.000000,3174,2057,2057
1745872631.678768,1.882308,-0.011437,0.334364,-4.121549,0.146475,-0.096064,27.898630,-0.567071,-0.543826,84.407196,-1.575322,-1.793940,84.418058,2.190433,-0.949727,8.441806,0.000000,0.000000,3252,2057,2057
1745872631.683763,1.841794,-0.011238,0.336626,-4.569374,0.214199,-0.092021,14.675927,1.230216,-1.369495,44.389344,2.857305,-4.315650,44.345421,3.393269,3.908539,4.434542,0.000000,0.000000,2685,2057,2057
1745872631.688763,1.804299,-0.010468,0.337696,-4.108404,0.090234,-0.099894,15.798440,-0.819319,-1.917869,47.788972,-1.729058,-4.082277,47.796694,4.371572,-0.737591,4.779669,0.000000,0.000000,2733,2057,2057
1745872631.693759,1.804299,-0.010468,0.337696,-4.108404,0.090234,-0.099894,14.573742,-2.014078,-2.029596,44.082838,-4.757929,-4.179457,44.121171,5.166955,-3.661938,4.412117,0.000000,0.000000,2681,2057,2057
1745872631.698768,1.804299,-0.010468,0.337696,-4.108404,0.090234,-0.099894,12.009907,-2.524982,-1.851606,36.329192,-6.075857,-3.835762,36.381781,5.137538,-5.023702,3.638178,0.000000,0.000000,2572,2057,2057
1745872631.703775,1.804299,-0.010468,0.337696,-4.108404,0.090234,-0.099894,8.913893,-2.537506,-1.511582,26.967604,-6.141941,-3.254563,27.022274,4.587402,-5.222485,2.702227,0.000000,0.000000,2439,2057,2057
1745872631.708791,1.726447,-0.009860,0.340586,-4.193082,0.079947,-0.050933,3.775901,-2.485980,0.092904,11.430084,-6.311198,-0.273523,11.491144,1.248599,-6.192799,1.149114,0.000000,0.000000,2219,2057,2057
1745872631.713761,1.685448,-0.009567,0.342526,-4.655780,0.217658,-0.040571,-11.170935,1.203810,1.338475,-33.778561,2.879831,0.394880,-33.805501,-0.721742,2.815878,-3.380550,0.000000,0.000000,1540,2057,2057
1745872631.718800,1.685448,-0.009567,0.342526,-4.655780,0.217658,-0.040571,-19.406431,3.427519,1.974752,-58.685075,8.577980,1.320135,-58.765162,-2.292796,8.371022,-5.876516,0.000000,0.000000,1183,2057,2057
1745872631.723761,1.685448,-0.009567,0.342526,-4.655780,0.217658,-0.040571,-22.142936,4.388467,2.127933,-66.961757,11.046723,1.511595,-67.065098,-2.765425,10.801764,-6.706510,0.000000,0.000000,1064,2057,2057
1745872631.728764,1.685448,-0.009567,0.342526,-4.655780,0.217658,-0.040571,-21.200011,4.469313,1.967097,-64.111137,11.263496,1.230437,-64.216847,-2.510912,11.049290,-6.421685,0.000000,0.000000,1105,2057,2057
1745872631.733775,1.644907,-0.008945,0.343993,-4.462206,0.161153,-0.078894,-13.245548,2.584102,0.682586,-40.037132,6.909391,-0.345233,-40.098994,-0.167306,6.916264,-4.009899,0.000000,0.000000,1450,2057,2057
1745872631.738767,1.601976,-0.008356,0.346087,-4.871965,0.256104,-0.080058,-16.637039,3.403036,-0.238136,-50.289530,9.163694,-2.872065,-50.366815,2.584998,9.249097,-5.036682,0.000000,0.000000,1303,2057,2057
1745872631.743776,1.601976,-0.008356,0.346087,-4.871965,0.256104,-0.080058,-16.752782,3.506247,-0.793772,-50.645494,9.438949,-3.865290,-50.725337,3.569160,9.555193,-5.072534,0.000000,0.000000,1298,2057,2057
1745872631.748770,1.559204,-0.007669,0.347459,-4.730779,0.165728,-0.072001,-11.316642,0.929647,-0.849408,-34.214643,2.857863,-2.979021,-34.236293,3.011950,2.823220,-3.423629,0.000000,0.000000,1534,2057,2057
1745872631.753767,1.559204,-0.007669,0.347459,-4.730779,0.165728,-0.072001,-6.491884,-0.814989,-0.780764,-19.618207,-1.655315,-2.818191,-19.605262,2.798813,-1.687924,-1.960526,0.000000,0.000000,1743,2057,2057
1745872631.758782,1.515426,-0.007011,0.349246,-4.834078,0.177522,-0.069394,-5.169066,-1.533147,-0.577229,-15.609878,-3.401725,-2.553030,-15.585074,2.360859,-3.537889,-1.558507,0.000000,0.000000,1801,2057,2057
1745872631.763768,1.472972,-0.006404,0.350947,-4.720758,0.215496,-0.031074,-0.937079,-0.868617,0.557347,-2.807067,-1.703356,-0.762730,-2.795733,0.592719,-1.769743,-0.279573,0.000000,0.000000,1984,2057,2057
1745872631.768769,1.472972,-0.006404,0.350947,-4.720758,0.215496,-0.031074,1.866000,-0.340317,1.210053,5.678397,-0.311287,0.450674,5.680100,-0.478922,-0.265788,0.568010,0.000000,0.000000,2137,2057,2057
1745872631.773772,1.432272,-0.005722,0.352490,-4.420637,0.168483,-0.044222,10.767290,-1.116846,1.152276,32.608293,-2.223744,0.892666,32.620190,-1.191173,-2.079216,3.262019,0.000000,0.000000,2519,2057,2057
1745872631.778771,1.432272,-0.005722,0.352490,-4.420637,0.168483,-0.044222,15.073025,-1.470711,0.974549,45.633016,-3.143455,0.582138,45.650371,-1.010616,-3.033010,4.565037,0.000000,0.000000,2703,2057,2057
1745872631.783767,1.393089,-0.004893,0.353963,-4.347137,0.167868,-0.069902,17.749297,-1.529441,0.114245,53.737227,-3.131094,-0.864225,53.753054,0.297120,-3.234595,5.375305,0.000000,0.000000,2818,2057,2057
1745872631.788791,1.393089,-0.004893,0.353963,-4.347137,0.167868,-0.069902,17.268932,-1.378717,-0.447028,52.280636,-2.788927,-1.869717,52.295685,1.347263,-3.075559,5.229568,0.000000,0.000000,2797,2057,2057
1745872631.793775,1.354064,-0.003831,0.355187,-4.299284,0.148476,-0.082564,16.018237,-1.588758,-1.053029,48.494314,-3.310193,-2.804870,48.509009,2.027428,-3.835939,4.850901,0.000000,0.000000,2743,2057,2057
1745872631.798783,1.354064,-0.003831,0.355187,-4.299284,0.148476,-0.082564,13.263174,-1.528101,-1.309869,40.158203,-3.180666,-3.279339,40.172804,2.518650,-3.811472,4.017280,0.000000,0.000000,2625,2057,2057
1745872631.803766,1.354064,-0.003831,0.355187,-4.299284,0.148476,-0.082564,9.908707,-1.303098,-1.311224,30.009955,-2.608076,-3.276253,30.022412,2.638766,-3.251610,3.002241,0.000000,0.000000,2482,2057,2057
1745872631.808778,1.315440,-0.002777,0.356206,-4.321186,0.113422,-0.075824,6.021300,-1.861167,-0.986100,18.238493,-4.088272,-2.523752,18.251248,1.409259,-4.593196,1.825125,0.000000,0.000000,2315,2057,2057
1745872631.813776,1.315440,-0.002777,0.356206,-4.321186,0.113422,-0.075824,2.832204,-1.984398,-0.660147,8.591506,-4.365822,-1.950318,8.604606,0.784313,-4.716902,0.860461,0.000000,0.000000,2179,2057,2057
1745872631.818830,1.315440,-0.002777,0.356206,-4.321186,0.113422,-0.075824,0.442196,-1.817589,-0.369988,1.361982,-3.911551,-1.407902,1.373480,0.374229,-4.140350,0.137348,0.000000,0.000000,2076,2057,2057
1745872631.823776,1.275901,-0.001793,0.357291,-4.422864,0.144128,-0.056092,-3.549934,-0.747888,0.332477,-10.706459,-1.013568,-0.248226,-10.704590,-0.057072,-1.041961,-1.070459,0.000000,0.000000,1870,2057,2057
1745872631.828771,1.275901,-0.001793,0.357291,-4.422864,0.144128,-0.056092,-5.680443,0.028668,0.742736,-17.150884,0.993667,0.603824,-17.152904,-0.288960,1.126270,-1.715290,0.000000,0.000000,1778,2057,2057
1745872631.833771,1.194776,0.000208,0.360141,-4.532865,0.179643,-0.040502,-9.030188,1.387288,1.293715,-27.273847,4.703870,1.725071,-27.272805,0.122815,5.008710,-2.727281,0.000000,0.000000,1633,2057,2057
1745872631.838791,1.153302,0.001459,0.361651,-4.626030,0.208931,-0.060698,-12.338083,2.799723,0.987674,-37.259261,8.415038,1.438925,-37.247187,2.096727,8.275703,-3.724719,0.000000,0.000000,1491,2057,2057
1745872631.843778,1.112842,0.002682,0.362743,-4.459343,0.164002,-0.084418,-8.826790,2.244552,0.094887,-26.654763,6.649316,0.183287,-26.638549,2.775356,6.045217,-2.663855,0.000000,0.000000,1642,2057,2057
1745872631.848783,1.112842,0.002682,0.362743,-4.459343,0.164002,-0.084418,-5.516242,1.617299,-0.483995,-16.637253,5.021444,-1.063715,-16.626434,3.174161,4.033759,-1.662643,0.000000,0.000000,1786,2057,2057
1745872631.853785,1.112842,0.002682,0.362743,-4.459343,0.164002,-0.084418,-2.747200,1.022456,-0.790478,-8.258927,3.521176,-1.774582,-8.252561,3.148489,2.373791,-0.825256,0.000000,0.000000,1906,2057,2057
1745872631.858799,1.071569,0.003839,0.363428,-4.649081,0.154599,-0.087309,-5.315853,0.288834,-0.958559,-16.033694,1.700593,-2.087361,-16.031799,2.646759,0.493726,-1.603180,0.000000,0.000000,1794,2057,2057
1745872631.863781,1.071569,0.003839,0.363428,-4.649081,0.154599,-0.087309,-6.278215,-0.207223,-0.946775,-18.945131,0.511241,-2.153784,-18.947367,2.135676,-0.582277,-1.894737,0.000000,0.000000,1753,2057,2057
1745872631.868787,1.029254,0.005383,0.364421,-4.645551,0.177163,-0.082831,-6.036624,0.055924,-0.713749,-18.202409,1.320764,-1.689172,-18.201003,2.128275,0.261088,-1.820100,0.000000,0.000000,1763,2057,2057
1745872631.873776,1.029254,0.005383,0.364421,-4.645551,0.177163,-0.082831,-5.145692,0.214919,-0.479554,-15.508702,1.744620,-1.195817,-15.503973,1.923992,0.878610,-1.550397,0.000000,0.000000,1802,2057,2057
1745872631.878774,0.986095,0.006911,0.365491,-4.871686,0.207811,-0.072829,-9.490333,1.040093,-0.027483,-28.637314,4.034792,-0.174349,-28.614726,2.372390,3.268367,-2.861473,0.000000,0.000000,1614,2057,2057
1745872631.883776,0.942974,0.008330,0.366821,-4.626158,0.179558,-0.039426,-5.060158,0.742585,1.080800,-15.265425,3.248298,2.048361,-15.233503,0.250240,3.832182,-1.523350,0.000000,0.000000,1806,2057,2057
1745872631.888780,0.942974,0.008330,0.366821,-4.626158,0.179558,-0.039426,-1.637340,0.463335,1.649299,-4.916237,2.723987,3.124617,-4.882584,-0.928754,4.040036,-0.488258,0.000000,0.000000,1954,2057,2057
1745872631.893769,0.942974,0.008330,0.366821,-4.626158,0.179558,-0.039426,0.721401,0.230560,1.806052,2.218054,2.218948,3.373326,2.249519,-1.426688,3.777381,0.224952,0.000000,0.000000,2089,2057,2057
1745872631.898779,0.902283,0.009566,0.367897,-4.535282,0.162179,-0.035216,4.362951,-0.372226,1.787803,13.222694,0.694110,3.349777,13.247766,-2.198495,2.621076,1.324777,0.000000,0.000000,2244,2057,2057
1745872631.903772,0.902283,0.009566,0.367897,-4.535282,0.162179,-0.035216,6.122324,-0.706355,1.557157,18.548105,-0.118853,2.773027,18.563655,-2.249785,1.625582,1.856365,0.000000,0.000000,2320,2057,2057
1745872631.908774,0.862111,0.011093,0.369079,-4.378680,0.171069,-0.045033,10.325834,-0.613840,0.979862,31.272933,-0.006191,1.687114,31.285062,-1.284917,1.093402,3.128506,0.000000,0.000000,2500,2057,2057
1745872631.913784,0.862111,0.011093,0.369079,-4.378680,0.171069,-0.045033,11.721214,-0.479864,0.493816,35.500634,0.184687,0.665954,35.506998,-0.385403,0.573680,3.550700,0.000000,0.000000,2559,2057,2057
1745872631.918778,0.784372,0.014080,0.369673,-4.310496,0.125274,-0.109581,12.831853,-1.457287,-1.452548,38.849603,-2.834583,-3.152602,38.789986,0.220529,-4.234228,3.878999,0.000000,0.000000,2606,2057,2057
1745872631.923786,0.784372,0.014080,0.369673,-4.310496,0.125274,-0.109581,11.963957,-1.898914,-2.509606,36.242423,-4.037380,-5.549408,36.146953,1.062209,-6.780649,3.614695,0.000000,0.000000,2568,2057,2057
1745872631.928778,0.744861,0.015624,0.369904,-4.405138,0.132669,-0.097996,7.636829,-1.763674,-2.584778,23.161619,-3.670969,-5.714018,23.057096,1.174528,-6.690099,2.305710,0.000000,0.000000,2383,2057,2057
1745872631.933783,0.704219,0.017314,0.370572,-4.517332,0.192917,-0.065127,1.203657,0.015823,-1.509849,3.719024,0.872118,-3.038429,3.688703,2.631854,-1.751258,0.368870,0.000000,0.000000,2109,2057,2057
1745872631.938784,0.704219,0.017314,0.370572,-4.517332,0.192917,-0.065127,-3.007166,1.137812,-0.645737,-9.037821,3.448785,-0.756256,-9.009136,3.118008,1.656771,-0.900914,0.000000,0.000000,1895,2057,2057
1745872631.943777,0.704219,0.017314,0.370572,-4.517332,0.192917,-0.065127,-5.298431,1.707154,-0.021039,-15.982389,4.798180,0.824123,-15.917720,3.123206,3.735167,-1.591772,0.000000,0.000000,1796,2057,2057
1745872631.948776,0.663242,0.018936,0.371433,-4.532012,0.177456,-0.036089,-6.461778,1.480366,1.088666,-19.528390,4.442930,3.232495,-19.428345,1.510865,5.283554,-1.942834,0.000000,0.000000,1746,2057,2057
1745872631.953780,0.621907,0.020617,0.372240,-4.576913,0.189559,-0.047583,-7.507141,1.452086,1.375969,-22.699488,4.391324,4.141226,-22.577331,1.156508,5.925444,-2.257733,0.000000,0.000000,1701,2057,2057
1745872631.958785,0.580796,0.022240,0.372634,-4.571491,0.170860,-0.086321,-7.114148,0.797385,0.438777,-21.517572,2.460134,2.177163,-21.447058,0.862150,3.170799,-2.144706,0.000000,0.000000,1717,2057,2057
1745872631.963784,0.580796,0.022240,0.372634,-4.571491,0.170860,-0.086321,-5.993724,0.286197,-0.206827,-18.111095,1.289233,0.527108,-18.085557,0.788613,1.148349,-1.808556,0.000000,0.000000,1765,2057,2057
1745872631.968782,0.580796,0.022240,0.372634,-4.571491,0.170860,-0.086321,-4.551360,-0.072115,-0.589780,-13.737838,0.481878,-0.483127,-13.740941,0.667949,-0.139540,-1.374094,0.000000,0.000000,1827,2057,2057
1745872631.973784,0.539039,0.023997,0.372644,-4.603901,0.144346,-0.105829,-3.875006,-0.939998,-1.238122,-11.694754,-1.717683,-2.064861,-11.758448,-0.414202,-2.654540,-1.175845,0.000000,0.000000,1855,2057,2057
1745872631.978781,0.539039,0.023997,0.372644,-4.603901,0.144346,-0.105829,-2.973144,-1.373145,-1.496064,-8.959045,-2.634386,-2.789424,-9.048958,-0.828993,-3.747230,-0.904896,0.000000,0.000000,1894,2057,2057
1745872631.983785,0.497823,0.025563,0.372504,-4.603984,0.129183,-0.099290,-2.039432,-1.851163,-1.315842,-6.140479,-3.639065,-2.531015,-6.241770,-1.988774,-3.962811,-0.624177,0.000000,0.000000,1934,2057,2057
1745872631.988784,0.497823,0.025563,0.372504,-4.603984,0.129183,-0.099290,-1.199867,-1.926141,-1.040767,-3.609042,-3.735470,-1.908192,-3.697518,-2.370885,-3.461455,-0.369752,0.000000,0.000000,1971,2057,2057
1745872631.993777,0.497823,0.025563,0.372504,-4.603984,0.129183,-0.099290,-0.522526,-1.737984,-0.739645,-1.569501,-3.309556,-1.167820,-1.636144,-2.350205,-2.607287,-0.163614,0.000000,0.000000,2000,2057,2057
1745872631.998786,0.497823,0.025563,0.372504,-4.603984,0.129183,-0.099290,-0.028437,-1.405493,-0.457803,-0.083915,-2.603371,-0.440956,-0.125607,-2.076821,-1.631115,-0.012561,0.000000,0.000000,2022,2057,2057
1745872632.003779,0.497823,0.025563,0.372504,-4.603984,0.129183,-0.099290,0.286253,-1.023825,-0.224178,0.860383,-1.809423,0.184542,0.842437,-1.677924,-0.702112,0.084244,0.000000,0.000000,2069,2057,2057
1745872632.008783,0.497823,0.025563,0.372504,-4.603984,0.129183,-0.099290,0.450843,-0.656361,-0.048526,1.352411,-1.054166,0.672278,1.354643,-1.247237,0.087329,0.135464,0.000000,0.000000,2076,2057,2057
1745872632.013781,0.349018,0.031862,0.373324,-4.657217,0.187092,-0.063650,-0.804011,1.074126,0.941049,-2.464277,2.572888,3.597299,-2.328490,1.187579,4.262442,-0.232849,0.000000,0.000000,1990,2057,2057
1745872632.018784,0.349018,0.031862,0.373324,-4.657217,0.187092,-0.063650,-1.500206,2.038446,1.452457,-4.589638,4.457641,5.039202,-4.390120,2.465603,6.262965,-0.439012,0.000000,0.000000,1961,2057,2057
1745872632.023782,0.307101,0.033523,0.373113,-4.633685,0.156547,-0.095625,-1.179919,1.649845,0.814462,-3.626672,3.127985,3.418154,-3.485695,1.948342,4.206175,-0.348569,0.000000,0.000000,1974,2057,2057
1745872632.028784,0.265028,0.035095,0.372572,-4.793991,0.175201,-0.108877,-4.761960,1.658925,-0.014053,-14.439345,2.867209,1.635688,-14.357555,2.338654,2.331040,-1.435755,0.000000,0.000000,1818,2057,2057
1745872632.033783,0.221569,0.036784,0.371993,-4.785768,0.167971,-0.104396,-6.240692,1.284306,-0.426131,-18.893732,2.004724,0.522968,-18.858744,1.840789,0.951385,-1.885874,0.000000,0.000000,1754,2057,2057
1745872632.038786,0.221569,0.036784,0.371993,-4.785768,0.167971,-0.104396,-6.412058,0.889783,-0.634773,-19.402885,1.266293,-0.040817,-19.394109,1.244307,0.238624,-1.939411,0.000000,0.000000,1746,2057,2057
1745872632.043836,0.176875,0.038610,0.371565,-5.122896,0.207280,-0.076102,-14.069361,1.500459,0.010700,-42.569726,2.621469,2.184229,-42.468851,2.196245,2.613358,-4.246885,0.000000,0.000000,1416,2057,2057
1745872632.048791,0.176875,0.038610,0.371565,-5.122896,0.207280,-0.076102,-17.078796,1.694067,0.408476,-51.686476,3.006155,3.348066,-51.538730,2.370147,3.827629,-5.153873,0.000000,0.000000,1286,2057,2057
1745872632.053784,0.131353,0.040572,0.371307,-5.017920,0.205239,-0.060202,-14.364878,1.562582,1.002322,-43.500216,2.756502,4.671046,-43.297576,2.120965,4.995953,-4.329758,0.000000,0.000000,1404,2057,2057
1745872632.058818,0.131353,0.040572,0.371307,-5.017920,0.205239,-0.060202,-10.863954,1.286236,1.257814,-32.926314,2.272454,5.156130,-32.706727,1.577553,5.413803,-3.270673,0.000000,0.000000,1556,2057,2057
1745872632.063785,0.083714,0.042575,0.371038,-5.408537,0.229931,-0.066623,-16.861251,1.557627,1.106437,-51.063986,2.513305,5.327358,-50.828879,2.059050,5.523861,-5.082888,0.000000,0.000000,1296,2057,2057
1745872632.068789,0.083714,0.042575,0.371038,-5.408537,0.229931,-0.066623,-18.638368,1.541271,0.875000,-56.425951,2.476190,4.811901,-56.212858,2.065165,5.006637,-5.621286,0.000000,0.000000,1219,2057,2057
1745872632.073785,0.083714,0.042575,0.371038,-5.408537,0.229931,-0.066623,-17.477408,1.342158,0.621701,-52.904004,2.109847,4.095311,-52.722637,1.760024,4.261248,-5.272264,0.000000,0.000000,1269,2057,2057
1745872632.078786,0.035937,0.044713,0.370502,-5.236867,0.225812,-0.073356,-10.394978,0.950753,0.220153,-31.481669,1.147034,2.608746,-31.363179,1.052562,2.650923,-3.136318,0.000000,0.000000,1575,2057,2057
1745872632.083791,0.035937,0.044713,0.370502,-5.236867,0.225812,-0.073356,-4.638358,0.586468,-0.060945,-14.064770,0.491322,1.592023,-13.992795,0.433804,1.610257,-1.399280,0.000000,0.000000,1823,2057,2057
1745872632.088790,-0.011651,0.046448,0.369647,-5.266685,0.183903,-0.108111,-1.163960,-0.742198,-1.082443,-3.523847,-2.362100,-1.557981,-3.594980,-2.380091,-1.532008,-0.359498,0.000000,0.000000,1972,2057,2057
1745872632.093822,-0.011651,0.046448,0.369647,-5.266685,0.183903,-0.108111,1.191261,-1.496524,-1.599292,3.622154,-3.703737,-3.013275,3.484108,-3.738592,-2.973126,0.348411,0.000000,0.000000,2106,2057,2057
1745872632.098792,-0.066694,0.048383,0.368522,-5.246573,0.198203,-0.091425,3.003058,-1.435018,-1.319071,9.087915,-3.576573,-2.358472,8.985512,-3.725802,-2.117346,0.898551,0.000000,0.000000,2184,2057,2057
1745872632.103785,-0.066694,0.048383,0.368522,-5.246573,0.198203,-0.091425,3.791788,-1.221332,-0.980186,11.454157,-3.204513,-1.530167,11.390571,-3.299366,-1.314739,1.139057,0.000000,0.000000,2218,2057,2057
1745872632.108788,-0.113909,0.050134,0.367455,-5.215411,0.204583,-0.119469,4.591599,-0.779971,-1.332809,13.873194,-2.773788,-2.607832,13.759010,-3.052226,-2.278517,1.375901,0.000000,0.000000,2252,2057,2057
1745872632.113790,-0.113909,0.050134,0.367455,-5.215411,0.204583,-0.119469,4.534312,-0.405285,-1.392343,13.703704,-2.099203,-2.777168,13.577231,-2.401260,-2.523739,1.357723,0.000000,0.000000,2249,2057,2057
1745872632.118790,-0.209594,0.053453,0.365290,-5.315667,0.197732,-0.080610,1.485789,-0.286573,-0.307177,4.449837,-1.849691,0.015882,4.471259,-1.805907,0.400958,0.447126,0.000000,0.000000,2120,2057,2057
1745872632.123791,-0.209594,0.053453,0.365290,-5.315667,0.197732,-0.080610,-0.624486,-0.176371,0.416838,-1.970318,-1.719791,1.980690,-1.847518,-1.270047,2.298451,-0.184752,0.000000,0.000000,1997,2057,2057
1745872632.128791,-0.257492,0.055005,0.363966,-5.346563,0.198400,-0.117009,-2.639238,-0.068715,-0.068151,-8.041939,-1.919832,0.569644,-7.984689,-1.711476,1.041334,-0.798469,0.000000,0.000000,1909,2057,2057
1745872632.133792,-0.257492,0.055005,0.363966,-5.346563,0.198400,-0.117009,-3.590540,0.007813,-0.366635,-10.898359,-1.748547,-0.138480,-10.881215,-1.726166,0.311834,-1.088121,0.000000,0.000000,1868,2057,2057
1745872632.138792,-0.305958,0.056564,0.362658,-5.359178,0.201844,-0.089483,-4.061255,0.139636,0.163949,-12.343857,-1.455150,1.208685,-12.253776,-1.023507,1.593401,-1.225378,0.000000,0.000000,1848,2057,2057
1745872632.143789,-0.354963,0.057925,0.361130,-5.478730,0.197525,-0.123253,-6.788388,0.100111,-0.347534,-20.550994,-1.839961,-0.262326,-20.528174,-1.816430,0.394176,-2.052817,0.000000,0.000000,1730,2057,2057
1745872632.148793,-0.354963,0.057925,0.361130,-5.478730,0.197525,-0.123253,-7.684931,0.062798,-0.629092,-23.241848,-1.871594,-0.900822,-23.253109,-2.068004,-0.194508,-2.325311,0.000000,0.000000,1691,2057,2057
1745872632.153788,-0.354963,0.057925,0.361130,-5.478730,0.197525,-0.123253,-7.309433,0.031558,-0.729728,-22.100839,-1.914267,-1.171478,-22.125956,-2.202084,-0.433862,-2.212596,0.000000,0.000000,1707,2057,2057
1745872632.158791,-0.404731,0.059419,0.359576,-5.493443,0.225390,-0.088699,-6.537155,0.690941,0.142856,-19.827394,-0.766525,0.994488,-19.755058,-0.312995,1.218127,-1.975506,0.000000,0.000000,1741,2057,2057
1745872632.163791,-0.455266,0.060882,0.357988,-5.594129,0.206818,-0.096303,-7.714619,0.567996,0.490551,-23.391159,-1.101146,1.622125,-23.272835,-0.275738,1.944680,-2.327283,0.000000,0.000000,1691,2057,2057
1745872632.168793,-0.455266,0.060882,0.357988,-5.594129,0.206818,-0.096303,-7.514221,0.420593,0.650439,-22.797353,-1.414599,2.024053,-22.648623,-0.380536,2.444421,-2.264862,0.000000,0.000000,1700,2057,2057
1745872632.173790,-0.505426,0.062313,0.356331,-5.553733,0.224407,-0.089554,-5.478034,0.706645,0.837072,-16.662042,-0.992725,2.160330,-16.514114,0.177387,2.375489,-1.651411,0.000000,0.000000,1787,2057,2057
1745872632.178794,-0.505426,0.062313,0.356331,-5.553733,0.224407,-0.089554,-3.516777,0.801267,0.852727,-10.737954,-0.800192,2.040765,-10.602369,0.287956,2.177267,-1.060237,0.000000,0.000000,1872,2057,2057
1745872632.183793,-0.555753,0.063679,0.354716,-5.575437,0.221339,-0.080350,-2.378668,0.687676,0.983527,-7.301588,-1.006423,2.115476,-7.153138,0.261131,2.332804,-0.715314,0.000000,0.000000,1921,2057,2057
1745872632.188813,-0.555753,0.063679,0.354716,-5.575437,0.221339,-0.080350,-1.363146,0.530954,0.945690,-4.232043,-1.308251,1.983666,-4.080579,-0.064814,2.380167,-0.408058,0.000000,0.000000,1965,2057,2057
1745872632.193798,-0.605693,0.064917,0.353048,-5.535621,0.227036,-0.082225,0.413353,0.506739,0.760196,1.150969,-1.365015,1.175353,1.264305,-0.453023,1.747093,0.126431,0.000000,0.000000,2075,2057,2057
1745872632.198793,-0.605693,0.064917,0.353048,-5.535621,0.227036,-0.082225,1.490114,0.429551,0.549755,4.418630,-1.472487,0.620688,4.506300,-0.857165,1.351453,0.450630,0.000000,0.000000,2121,2057,2057
1745872632.203790,-0.605693,0.064917,0.353048,-5.535621,0.227036,-0.082225,1.989544,0.328146,0.349286,5.941609,-1.634607,0.137617,6.009462,-1.265473,1.045974,0.600946,0.000000,0.000000,2142,2057,2057
1745872632.208795,-0.655815,0.065929,0.351104,-5.524004,0.212948,-0.106818,2.347012,-0.121804,-0.423629,7.101635,-2.373970,-2.003092,7.092398,-3.102989,-0.140198,0.709240,0.000000,0.000000,2157,2057,2057
1745872632.213796,-0.655815,0.065929,0.351104,-5.524004,0.212948,-0.106818,2.285031,-0.391108,-0.859946,6.946356,-2.839522,-2.939484,6.906865,-4.042980,-0.599439,0.690686,0.000000,0.000000,2155,2057,2057
1745872632.218792,-0.755334,0.067306,0.346974,-5.538665,0.210366,-0.132674,1.607135,-0.576648,-1.663509,5.003260,-3.041546,-5.162760,4.890444,-5.753612,-1.677430,0.489044,0.000000,0.000000,2126,2057,2057
1745872632.223794,-0.805125,0.067856,0.344820,-5.514937,0.211766,-0.124607,1.562545,-0.589230,-1.770954,4.888458,-2.959931,-5.420751,4.778170,-5.959208,-1.626571,0.477817,0.000000,0.000000,2124,2057,2057
1745872632.228811,-0.805125,0.067856,0.344820,-5.514937,0.211766,-0.124607,1.342131,-0.524760,-1.621353,4.211166,-2.853196,-5.092463,4.111110,-5.648571,-1.475660,0.411111,0.000000,0.000000,2115,2057,2057
1745872632.233765,-0.805125,0.067856,0.344820,-5.514937,0.211766,-0.124607,1.041182,-0.420634,-1.330570,3.279535,-2.691634,-4.459825,3.201359,-5.080524,-1.152959,0.320136,0.000000,0.000000,2102,2057,2057
1745872632.238800,-0.854913,0.068468,0.342702,-5.511647,0.228228,-0.111031,0.800976,0.104072,-0.645438,2.503136,-1.712656,-3.135705,2.450628,-3.489921,-0.767491,0.245063,0.000000,0.000000,2091,2057,2057
1745872632.243799,-0.904643,0.069000,0.340685,-5.540300,0.227726,-0.093994,-0.150214,0.407605,0.280695,-0.438885,-1.115724,-1.180256,-0.428668,-1.617403,0.148182,-0.042867,0.000000,0.000000,2017,2057,2057
1745872632.248800,-0.904643,0.069000,0.340685,-5.540300,0.227726,-0.093994,-0.733572,0.549701,0.832218,-2.245382,-0.916650,-0.008002,-2.195918,-0.572750,0.717437,-0.219592,0.000000,0.000000,1992,2057,2057
1745872632.253803,-0.904643,0.069000,0.340685,-5.540300,0.227726,-0.093994,-1.012840,0.572242,1.079245,-3.109048,-0.921340,0.527613,-3.036454,-0.154545,1.052914,-0.303645,0.000000,0.000000,1980,2057,2057
1745872632.258823,-0.954083,0.069499,0.338680,-5.441005,0.199233,-0.089250,1.376926,-0.184697,1.219808,4.105213,-2.273027,0.796059,4.266341,-0.665209,2.320306,0.426634,0.000000,0.000000,2117,2057,2057
1745872632.263799,-1.003530,0.069879,0.336431,-5.489387,0.241743,-0.094376,1.524864,0.400522,1.033522,4.580346,-1.074802,-0.156953,4.637889,-0.709892,0.824135,0.463789,0.000000,0.000000,2122,2057,2057
1745872632.268804,-1.003530,0.069879,0.336431,-5.489387,0.241743,-0.094376,1.433057,0.724652,0.788650,4.325772,-0.261278,-0.710434,4.314477,-0.739553,-0.161776,0.431448,0.000000,0.000000,2118,2057,2057
1745872632.273803,-1.052135,0.069931,0.334300,-5.311569,0.182985,-0.132802,5.555192,-0.598831,-0.403968,16.910893,-2.394012,-3.176419,16.946234,-3.945422,0.505790,1.694623,0.000000,0.000000,2297,2057,2057
1745872632.278797,-1.052135,0.069931,0.334300,-5.311569,0.182985,-0.132802,7.480188,-1.361809,-1.108096,22.779608,-4.070206,-4.590103,22.867830,-6.004103,1.262600,2.286783,0.000000,0.000000,2380,2057,2057
1745872632.283846,-1.052135,0.069931,0.334300,-5.311569,0.182985,-0.132802,7.787735,-1.681746,-1.421723,23.733476,-4.772038,-5.176472,23.844033,-6.861265,1.582237,2.384403,0.000000,0.000000,2394,2057,2057
1745872632.288815,-1.052135,0.069931,0.334300,-5.311569,0.182985,-0.132802,7.021003,-1.673399,-1.441432,21.420203,-4.752148,-5.151415,21.530420,-6.829643,1.577372,2.153042,0.000000,0.000000,2362,2057,2057
1745872632.293799,-1.149540,0.069768,0.329401,-5.344676,0.208416,-0.137985,4.873004,-0.843990,-1.405588,14.968136,-2.682636,-5.302301,14.987700,-5.935702,0.280643,1.498770,0.000000,0.000000,2269,2057,2057
1745872632.298839,-1.149540,0.069768,0.329401,-5.344676,0.208416,-0.137985,2.897895,-0.209026,-1.209669,8.990545,-1.166595,-4.862550,8.925994,-4.914475,-0.925977,0.892599,0.000000,0.000000,2183,2057,2057
1745872632.303801,-1.198587,0.069543,0.327139,-5.409441,0.259262,-0.105820,-0.258723,1.447355,-0.157607,-0.631262,2.492638,-3.086613,-0.871189,-1.968753,-3.452825,-0.087119,0.000000,0.000000,2011,2057,2057
1745872632.308801,-1.246622,0.069139,0.324956,-5.363976,0.238518,-0.123067,-1.130675,1.821700,0.111350,-3.263702,3.852409,-2.480175,-3.571289,-1.123901,-4.452390,-0.357129,0.000000,0.000000,1973,2057,2057
1745872632.313801,-1.246622,0.069139,0.324956,-5.363976,0.238518,-0.123067,-1.543778,1.835374,0.267853,-4.524505,3.863722,-2.153771,-4.825634,-0.810894,-4.358923,-0.482563,0.000000,0.000000,1955,2057,2057
1745872632.318802,-1.294696,0.068715,0.323031,-5.287223,0.206044,-0.099103,0.265048,0.823256,0.921337,0.851593,1.534535,-0.558654,0.739499,-0.119172,-1.632561,0.073950,0.000000,0.000000,2067,2057,2057
1745872632.323803,-1.294696,0.068715,0.323031,-5.287223,0.206044,-0.099103,1.376315,0.082386,1.221633,4.178808,-0.371248,-0.011324,4.203179,-0.112099,0.354938,0.420318,0.000000,0.000000,2116,2057,2057
1745872632.328801,-1.342773,0.068200,0.320754,-5.353283,0.258848,-0.121764,0.292335,0.897212,0.706841,1.004561,1.886984,-1.535803,0.855291,-1.069491,-2.190404,0.085529,0.000000,0.000000,2069,2057,2057
1745872632.333805,-1.342773,0.068200,0.320754,-5.353283,0.258848,-0.121764,-0.430001,1.303297,0.294182,-1.140025,2.961012,-2.269046,-1.372081,-1.540966,-3.405207,-0.137208,0.000000,0.000000,2004,2057,2057
1745872632.338804,-1.390050,0.067480,0.318986,-5.140674,0.153202,-0.126913,4.374213,-1.187711,-0.128642,13.344071,-2.755859,-2.194303,13.500628,-2.653961,2.321794,1.350063,0.000000,0.000000,2248,2057,2057
1745872632.343799,-1.390050,0.067480,0.318986,-5.140674,0.153202,-0.126913,6.875643,-2.616897,-0.380159,20.916094,-6.392393,-2.748176,21.307685,-3.852528,5.807454,2.130769,0.000000,0.000000,2358,2057,2057
1745872632.348804,-1.438152,0.066762,0.316624,-5.303432,0.250409,-0.091135,3.627690,-0.818475,0.384384,11.084100,-2.141373,-2.058262,11.207817,-2.323389,1.854478,1.120782,0.000000,0.000000,2215,2057,2057
1745872632.353807,-1.438152,0.066762,0.316624,-5.303432,0.250409,-0.091135,1.130039,0.418473,0.820386,3.506733,1.012853,-1.136046,3.429561,-0.992111,-1.156781,0.342956,0.000000,0.000000,2105,2057,2057
1745872632.358829,-1.438152,0.066762,0.316624,-5.303432,0.250409,-0.091135,-0.594588,1.152175,0.996169,-1.714994,2.888468,-0.717669,-1.912771,-0.329350,-2.964615,-0.191277,0.000000,0.000000,1996,2057,2057
1745872632.363803,-1.484061,0.065722,0.315040,-5.068825,0.186445,-0.155824,4.117407,-0.088897,-0.592390,12.651657,0.480012,-3.272127,12.601527,-3.218244,-0.763310,1.260153,0.000000,0.000000,2235,2057,2057
1745872632.368805,-1.532331,0.064879,0.312768,-5.405870,0.256833,-0.101850,-1.642554,0.856160,-0.209784,-4.754138,2.716219,-2.784664,-4.937437,-2.678150,-2.827244,-0.493744,0.000000,0.000000,1953,2057,2057
1745872632.373806,-1.532331,0.064879,0.312768,-5.405870,0.256833,-0.101850,-5.083051,1.348733,0.057846,-15.166327,3.984747,-2.031547,-15.430100,-1.876808,-4.068483,-1.543010,0.000000,0.000000,1803,2057,2057
1745872632.378805,-1.579742,0.063697,0.311148,-5.201907,0.192065,-0.126310,-1.639257,-0.091521,-0.379176,-4.766322,0.604670,-2.306097,-4.803572,-2.311413,-0.585204,-0.480357,0.000000,0.000000,1955,2057,2057
1745872632.383824,-1.579742,0.063697,0.311148,-5.201907,0.192065,-0.126310,0.749456,-0.994999,-0.610127,2.466998,-1.734797,-2.915078,2.579308,-2.899443,1.764382,0.257931,0.000000,0.000000,2093,2057,2057
1745872632.388806,-1.628995,0.062626,0.309077,-5.442070,0.219119,-0.111246,-3.707772,-0.779099,-0.312420,-11.003400,-1.044456,-2.289751,-10.929664,-2.225123,1.178182,-1.092966,0.000000,0.000000,1867,2057,2057
1745872632.393803,-1.628995,0.062626,0.309077,-5.442070,0.219119,-0.111246,-6.086950,-0.546900,-0.085185,-18.207622,-0.436346,-1.687970,-18.174149,-1.659732,0.534837,-1.817415,0.000000,0.000000,1764,2057,2057
1745872632.398807,-1.677366,0.061301,0.307273,-5.368096,0.239241,-0.124400,-5.034533,0.160634,-0.253322,-14.995539,1.665847,-2.089395,-15.083565,-2.254734,-1.436851,-1.508356,0.000000,0.000000,1808,2057,2057
1745872632.403829,-1.726097,0.060091,0.305453,-5.345757,0.194235,-0.115936,-3.197162,-0.517629,-0.120562,-9.503858,-0.083011,-1.505743,-9.484911,-1.474781,0.315486,-0.948491,0.000000,0.000000,1888,2057,2057
1745872632.408811,-1.726097,0.060091,0.305453,-5.345757,0.194235,-0.115936,-1.654205,-0.879076,-0.022614,-4.849743,-1.007410,-1.471057,-4.776173,-1.297530,1.225036,-0.477617,0.000000,0.000000,1955,2057,2057
1745872632.413815,-1.774837,0.058520,0.303646,-5.451385,0.233952,-0.110234,-3.060612,-0.027742,0.182301,-9.084414,1.460032,-1.212366,-9.153786,-1.483060,-1.186116,-0.915379,0.000000,0.000000,1893,2057,2057
1745872632.418809,-1.774837,0.058520,0.303646,-5.451385,0.233952,-0.110234,-3.573193,0.512810,0.289270,-10.642058,2.851506,-0.931560,-10.794596,-1.490030,-2.608058,-1.079460,0.000000,0.000000,1869,2057,2057
1745872632.423806,-1.870434,0.055533,0.300540,-5.258429,0.190552,-0.114607,1.263325,-0.270200,0.214551,3.926452,0.855373,-0.755389,3.893416,-0.974216,-0.595207,0.389342,0.000000,0.000000,2112,2057,2057
1745872632.428809,-1.870434,0.055533,0.300540,-5.258429,0.190552,-0.114607,4.172429,-0.733127,0.140938,12.722709,-0.327859,-1.153754,12.759054,-1.005572,0.654818,1.275905,0.000000,0.000000,2237,2057,2057
1745872632.433832,-1.870434,0.055533,0.300540,-5.258429,0.190552,-0.114607,5.505551,-0.936750,0.076850,16.755760,-0.852512,-1.391571,16.823874,-1.077928,1.227174,1.682387,0.000000,0.000000,2295,2057,2057
1745872632.438812,-1.917079,0.053953,0.299135,-5.150907,0.244629,-0.120691,8.289495,0.370391,-0.121172,25.225061,2.746915,-1.976230,25.121743,-2.791235,-1.915908,2.512174,0.000000,0.000000,2412,2057,2057
1745872632.443806,-1.917079,0.053953,0.299135,-5.150907,0.244629,-0.120691,9.047278,1.155429,-0.232170,27.519799,4.686661,-2.122662,27.320627,-3.587332,-3.693400,2.732063,0.000000,0.000000,2444,2057,2057
1745872632.448811,-1.962833,0.052528,0.297872,-5.006620,0.143264,-0.095434,11.958024,-0.973900,0.345223,36.185715,-1.192504,-0.757746,36.258877,-0.244637,1.393467,3.625888,0.000000,0.000000,2570,2057,2057
1745872632.453814,-1.962833,0.052528,0.297872,-5.006620,0.143264,-0.095434,12.330904,-2.200440,0.667860,37.295668,-4.171302,-0.363797,37.505651,1.257537,3.999350,3.750565,0.000000,0.000000,2588,2057,2057
1745872632.458783,-2.007742,0.050720,0.296509,-5.043840,0.230054,-0.111080,10.156892,-0.589642,0.408182,30.811393,0.423436,-0.789792,30.808883,-0.894777,-0.049498,3.080888,0.000000,0.000000,2493,2057,2057
1745872632.463826,-2.007742,0.050720,0.296509,-5.043840,0.230054,-0.111080,7.510521,0.519489,0.190930,22.823316,3.104749,-0.850377,22.698783,-2.084332,-2.456354,2.269878,0.000000,0.000000,2378,2057,2057
1745872632.468815,-2.052725,0.049069,0.295529,-4.960431,0.180248,-0.123030,6.973446,-0.070433,-0.260149,21.177572,1.287291,-1.236681,21.149703,-1.692471,-0.568167,2.114970,0.000000,0.000000,2356,2057,2057
1745872632.473809,-2.052725,0.049069,0.295529,-4.960431,0.180248,-0.123030,5.781697,-0.435755,-0.514305,17.592411,0.362625,-1.730228,17.616014,-1.701232,0.481199,1.761601,0.000000,0.000000,2306,2057,2057
1745872632.478810,-2.098730,0.047259,0.294441,-5.154815,0.202661,-0.100455,-0.444646,-0.064640,-0.059160,-1.239634,1.534714,-0.535449,-1.289578,-1.235659,-1.057210,-0.128958,0.000000,0.000000,2005,2057,2057
1745872632.483812,-2.145365,0.045354,0.293664,-5.115324,0.187530,-0.130455,-3.360515,-0.192812,-0.499307,-10.055536,1.067479,-0.840050,-10.075484,-1.285306,-0.439980,-1.007548,0.000000,0.000000,1879,2057,2057
1745872632.488817,-2.145365,0.045354,0.293664,-5.115324,0.187530,-0.130455,-4.793504,-0.250269,-0.716591,-14.374985,0.893084,-1.212255,-14.379109,-1.502966,-0.090945,-1.437911,0.000000,0.000000,1818,2057,2057
1745872632.493810,-2.145365,0.045354,0.293664,-5.115324,0.187530,-0.130455,-5.110398,-0.255865,-0.765897,-15.330154,0.870962,-1.295635,-15.331378,-1.560935,-0.026995,-1.533138,0.000000,0.000000,1804,2057,2057
1745872632.498811,-2.193587,0.043421,0.292563,-5.455724,0.229515,-0.097306,-13.026344,0.800578,0.108769,-39.276968,3.919345,0.826007,-39.436218,-1.615241,-3.668775,-3.943622,0.000000,0.000000,1459,2057,2057
1745872632.503811,-2.241530,0.041460,0.291623,-5.264460,0.227950,-0.104658,-11.750817,1.332344,0.468512,-35.456042,5.059782,1.868771,-35.668655,-1.681032,-5.129623,-3.566865,0.000000,0.000000,1513,2057,2057
1745872632.508813,-2.241530,0.041460,0.291623,-5.264460,0.227950,-0.104658,-9.503743,1.505494,0.638693,-28.671664,5.483034,2.151549,-28.905322,-1.722590,-5.637384,-2.890532,0.000000,0.000000,1610,2057,2057
1745872632.513811,-2.337803,0.037517,0.289615,-5.196704,0.276506,-0.092523,-5.259993,2.619709,0.965221,-15.830494,8.145200,3.093443,-16.131191,-3.425378,-8.016912,-1.613119,0.000000,0.000000,1793,2057,2057
1745872632.518816,-2.337803,0.037517,0.289615,-5.196704,0.276506,-0.092523,-1.927478,3.004319,1.053727,-5.759338,8.999515,3.224445,-6.086534,-3.923937,-8.723422,-0.608653,0.000000,0.000000,1937,2057,2057
1745872632.523813,-2.384658,0.035736,0.288754,-5.029936,0.166381,-0.073789,4.496956,0.182164,1.439257,13.576413,1.870679,3.393091,13.442303,0.970144,-3.753573,1.344230,0.000000,0.000000,2247,2057,2057
1745872632.528823,-2.384658,0.035736,0.288754,-5.029936,0.166381,-0.073789,8.019167,-1.629787,1.507162,24.230040,-2.041282,2.984570,24.202588,3.533392,-0.768366,2.420259,0.000000,0.000000,2399,2057,2057
1745872632.533819,-2.384658,0.035736,0.288754,-5.029936,0.166381,-0.073789,9.255896,-2.572090,1.365111,27.978762,-4.113907,2.405223,28.017250,4.642239,1.077230,2.801725,0.000000,0.000000,2453,2057,2057
1745872632.538818,-2.428565,0.033628,0.288198,-4.914017,0.244460,-0.102072,11.744984,-0.941435,0.415436,35.576088,-0.349562,0.886980,35.561211,0.844601,-0.442491,3.556121,0.000000,0.000000,2560,2057,2057
1745872632.543818,-2.428565,0.033628,0.288198,-4.914017,0.244460,-0.102072,11.881799,0.205673,-0.236359,36.012001,1.942405,-0.324166,35.977507,-1.681252,-1.025964,3.597751,0.000000,0.000000,2566,2057,2057
1745872632.548814,-2.428565,0.033628,0.288198,-4.914017,0.244460,-0.102072,10.513757,0.905631,-0.619453,31.887984,3.348650,-0.973190,31.839059,-3.169459,-1.455157,3.183906,0.000000,0.000000,2507,2057,2057
1745872632.553813,-2.471333,0.032107,0.288349,-4.743382,0.126496,-0.145741,12.540806,-1.651814,-1.855823,37.975460,-3.455284,-3.988196,38.144779,0.230345,5.274496,3.814478,0.000000,0.000000,2597,2057,2057
1745872632.558825,-2.515959,0.029971,0.288186,-4.976131,0.131527,-0.121385,6.571618,-2.947082,-1.813870,19.931850,-5.986445,-4.053937,20.135469,2.478532,6.794871,2.013547,0.000000,0.000000,2342,2057,2057
1745872632.563839,-2.515959,0.029971,0.288186,-4.976131,0.131527,-0.121385,1.987815,-3.403299,-1.564008,6.061585,-6.859356,-3.415393,6.265012,3.560046,6.788456,0.626501,0.000000,0.000000,2145,2057,2057
1745872632.568817,-2.560758,0.027865,0.288188,-4.966945,0.237078,-0.123995,-0.906575,-0.698307,-1.279640,-2.675782,-0.568008,-1.901824,-2.622780,-0.568715,1.902351,-0.262278,0.000000,0.000000,1986,2057,2057
1745872632.573822,-2.607359,0.026054,0.288063,-5.190722,0.156085,-0.087961,-8.127436,-0.876465,-0.058555,-24.575926,-1.114416,0.891229,-24.581127,1.412930,-0.199672,-2.458113,0.000000,0.000000,1672,2057,2057
1745872632.578819,-2.607359,0.026054,0.288063,-5.190722,0.156085,-0.087961,-11.689225,-0.881516,0.719352,-35.371917,-0.962179,2.847761,-35.423022,2.278136,-1.961693,-3.542302,0.000000,0.000000,1517,2057,2057
1745872632.583819,-2.607359,0.026054,0.288063,-5.190722,0.156085,-0.087961,-12.513284,-0.776801,1.123794,-37.876591,-0.671554,3.855761,-37.954160,2.541263,-2.977562,-3.795416,0.000000,0.000000,1481,2057,2057
1745872632.588818,-2.653021,0.023958,0.287695,-5.081749,0.197694,-0.084267,-8.832601,0.403746,1.332372,-26.739734,1.848974,4.622762,-26.858344,0.537109,-4.951183,-2.685834,0.000000,0.000000,1639,2057,2057
1745872632.593817,-2.653021,0.023958,0.287695,-5.081749,0.197694,-0.084267,-5.422858,1.101071,1.301166,-16.426759,3.202806,4.586059,-16.559820,-0.675557,-5.554389,-1.655982,0.000000,0.000000,1787,2057,2057
1745872632.598817,-2.653021,0.023958,0.287695,-5.081749,0.197694,-0.084267,-2.601348,1.407417,1.122064,-7.888265,3.764011,4.135097,-8.018095,-1.382770,-5.419558,-0.801810,0.000000,0.000000,1909,2057,2057
1745872632.603820,-2.708136,0.021556,0.287559,-5.259436,0.223206,-0.084578,-4.853018,2.054273,0.863547,-14.690381,4.915459,3.909951,-14.811391,-2.818652,-5.614205,-1.481139,0.000000,0.000000,1812,2057,2057
1745872632.608823,-2.809439,0.017250,0.288069,-5.255218,0.180330,-0.105052,-5.577937,1.160245,0.092310,-16.902029,2.266486,1.898395,-16.945739,-1.523577,-2.534065,-1.694574,0.000000,0.000000,1781,2057,2057
1745872632.613817,-2.856139,0.015269,0.288421,-5.151020,0.190215,-0.102842,-2.802812,0.695702,-0.351798,-8.502647,1.232799,0.670108,-8.517767,-0.994215,-0.990253,-0.851777,0.000000,0.000000,1902,2057,2057
1745872632.618833,-2.856139,0.015269,0.288421,-5.151020,0.190215,-0.102842,-0.695015,0.315060,-0.590870,-2.122052,0.499315,-0.016070,-2.123964,-0.483635,-0.125199,-0.212396,0.000000,0.000000,1993,2057,2057
1745872632.623850,-2.902096,0.013257,0.288723,-5.133621,0.237875,-0.092575,1.150065,1.207287,-0.416682,3.458760,2.254445,0.693268,3.442741,-2.025645,-1.208371,0.344274,0.000000,0.000000,2106,2057,2057
1745872632.628823,-2.902096,0.013257,0.288723,-5.133621,0.237875,-0.092575,2.164821,1.618396,-0.256674,6.525953,3.021752,1.128445,6.501916,-2.667821,-1.813196,0.650192,0.000000,0.000000,2149,2057,2057
1745872632.633819,-2.902096,0.013257,0.288723,-5.133621,0.237875,-0.092575,2.547466,1.683160,-0.123531,7.681513,3.153852,1.468187,7.652685,-2.715559,-2.174608,0.765269,0.000000,0.000000,2165,2057,2057
1745872632.638818,-2.948087,0.011562,0.289095,-5.017201,0.133171,-0.081953,5.329733,-1.046669,0.236074,16.096372,-2.172348,1.444093,16.084817,2.409504,-0.999464,1.608482,0.000000,0.000000,2284,2057,2057
1745872632.643823,-2.948087,0.011562,0.289095,-5.017201,0.133171,-0.081953,6.438247,-2.647087,0.434860,19.447940,-5.054709,1.800423,19.438750,5.306591,-0.794851,1.943875,0.000000,0.000000,2332,2057,2057
1745872632.648823,-2.993552,0.009634,0.289567,-5.063551,0.223238,-0.082107,5.213419,-1.126776,0.503312,15.732815,-2.197737,2.678556,15.710415,2.568787,-2.325198,1.571041,0.000000,0.000000,2279,2057,2057
1745872632.653820,-3.038172,0.008069,0.290312,-4.913173,0.138803,-0.107137,7.483002,-2.095195,-0.127894,22.598102,-4.450537,0.500887,22.597789,4.478467,-0.038756,2.259779,0.000000,0.000000,2377,2057,2057
1745872632.658849,-3.038172,0.008069,0.290312,-4.913173,0.138803,-0.107137,8.006526,-2.453756,-0.514013,24.185393,-5.110833,-0.516622,24.193797,5.030191,1.041518,2.419380,0.000000,0.000000,2399,2057,2057
1745872632.663821,-3.038172,0.008069,0.290312,-4.913173,0.138803,-0.107137,7.352183,-2.376842,-0.691965,22.207407,-4.981443,-0.966138,22.219311,4.855086,1.475288,2.221931,0.000000,0.000000,2371,2057,2057
1745872632.668823,-3.082398,0.006246,0.291137,-4.947790,0.191225,-0.108157,5.190701,-0.753434,-0.746114,15.651267,-2.125365,-0.722935,15.656560,2.078874,0.847422,1.565656,0.000000,0.000000,2278,2057,2057
1745872632.673826,-3.126300,0.004652,0.291953,-4.825881,0.175358,-0.100927,6.175473,-0.023003,-0.511628,18.633114,-0.854021,-0.287299,18.634511,0.849528,0.300329,1.863451,0.000000,0.000000,2321,2057,2057
1745872632.678831,-3.126300,0.004652,0.291953,-4.825881,0.175358,-0.100927,6.040664,0.441835,-0.300536,18.224187,-0.024006,0.263160,18.222965,0.028028,-0.262764,1.822296,0.000000,0.000000,2315,2057,2057
1745872632.683824,-3.126300,0.004652,0.291953,-4.825881,0.175358,-0.100927,5.216027,0.680938,-0.130591,15.728529,0.403413,0.708967,15.725203,-0.392524,-0.715061,1.572520,0.000000,0.000000,2279,2057,2057
1745872632.688825,3.113850,0.003001,0.292724,-4.777736,0.191255,-0.090779,5.234919,1.138736,0.241774,15.781994,1.197722,1.680069,15.777053,-1.243864,-1.646207,1.577705,0.000000,0.000000,2280,2057,2057
1745872632.693827,3.113850,0.003001,0.292724,-4.777736,0.191255,-0.090779,4.605207,1.288762,0.447697,13.876228,1.462709,2.213112,13.869710,-1.523535,-2.171696,1.386971,0.000000,0.000000,2253,2057,2057
1745872632.698832,3.029751,0.000054,0.294488,-4.592576,0.177539,-0.100148,8.183201,0.889185,0.293302,24.697003,0.521816,1.513278,24.696925,-0.687451,-1.445584,2.469693,0.000000,0.000000,2406,2057,2057
1745872632.703828,3.029751,0.000054,0.294488,-4.592576,0.177539,-0.100148,9.438128,0.528111,0.159944,28.493578,-0.118648,1.187311,28.493514,-0.014608,-1.193135,2.849351,0.000000,0.000000,2460,2057,2057
1745872632.708824,2.988912,-0.001338,0.295482,-4.482825,0.166837,-0.091845,11.764668,-0.026931,0.259249,35.538823,-1.095343,1.343531,35.540822,0.878266,-1.494491,3.554082,0.000000,0.000000,2560,2057,2057
1745872632.713823,2.948957,-0.002460,0.296530,-4.417296,0.126865,-0.100148,13.402935,-1.354120,0.087015,40.508478,-3.506014,0.718315,40.511864,3.303644,-1.376248,4.051186,0.000000,0.000000,2630,2057,2057
1745872632.718825,2.948957,-0.002460,0.296530,-4.417296,0.126865,-0.100148,12.797753,-2.028228,-0.032657,38.677318,-4.717213,0.467560,38.680668,4.540446,-1.362012,3.868067,0.000000,0.000000,2604,2057,2057
1745872632.723826,2.909405,-0.003663,0.297742,-4.384007,0.156675,-0.103250,11.662194,-1.475354,-0.180332,35.226551,-3.864608,0.126212,35.230258,3.731860,-1.012104,3.523026,0.000000,0.000000,2555,2057,2057
1745872632.728845,2.909405,-0.003663,0.297742,-4.384007,0.156675,-0.103250,9.507193,-0.943020,-0.251876,28.706656,-2.885683,-0.118116,28.708667,2.835426,-0.549073,2.870867,0.000000,0.000000,2463,2057,2057
1745872632.733822,2.909405,-0.003663,0.297742,-4.384007,0.156675,-0.103250,6.993384,-0.494102,-0.265861,21.101488,-2.064759,-0.209003,21.102484,2.057445,-0.271722,2.110248,0.000000,0.000000,2355,2057,2057
1745872632.738822,2.869755,-0.004688,0.298891,-4.370441,0.135825,-0.101325,4.873276,-0.658967,-0.195193,14.698321,-2.341515,-0.181527,14.700449,2.304273,-0.453845,1.470045,0.000000,0.000000,2265,2057,2057
1745872632.743822,2.830295,-0.005659,0.300183,-4.439088,0.140504,-0.111493,1.253101,-0.567901,-0.375694,3.741096,-2.296112,-0.763073,3.740966,2.419479,0.023113,0.374097,0.000000,0.000000,2110,2057,2057
1745872632.748835,2.830295,-0.005659,0.300183,-4.439088,0.140504,-0.111493,-1.195969,-0.440421,-0.443992,-3.668516,-2.049696,-0.966652,-3.670170,2.247261,0.292388,-0.367017,0.000000,0.000000,1971,2057,2057
1745872632.753824,2.830295,-0.005659,0.300183,-4.439088,0.140504,-0.111493,-2.590029,-0.306254,-0.432544,-7.885918,-1.801592,-0.964245,-7.887990,2.010344,0.366090,-0.788799,0.000000,0.000000,1911,2057,2057
1745872632.758837,2.789962,-0.006556,0.301338,-4.441504,0.119591,-0.088868,-3.218392,-0.697068,0.183450,-9.768188,-2.417951,0.561251,-9.759274,2.076691,-1.359751,-0.975927,0.000000,0.000000,1884,2057,2057
1745872632.763826,2.750491,-0.007317,0.302766,-4.384143,0.133063,-0.121490,-1.816885,-0.528093,-0.249123,-5.540338,-2.310815,-0.723679,-5.538788,2.412197,-0.211870,-0.553879,0.000000,0.000000,1944,2057,2057
1745872632.768848,2.750491,-0.007317,0.302766,-4.384143,0.133063,-0.121490,-0.700755,-0.355581,-0.494175,-2.165806,-1.944523,-1.347330,-2.169496,2.311303,0.504341,-0.216950,0.000000,0.000000,1993,2057,2057
1745872632.773828,2.750491,-0.007317,0.302766,-4.384143,0.133063,-0.121490,0.083882,-0.204004,-0.587035,0.207117,-1.642104,-1.594435,0.200912,2.125918,0.848080,0.020091,0.000000,0.000000,2060,2057,2057
1745872632.778845,2.750491,-0.007317,0.302766,-4.384143,0.133063,-0.121490,0.574380,-0.082294,-0.574441,1.691060,-1.413097,-1.578713,1.684322,1.908209,0.920846,0.168432,0.000000,0.000000,2081,2057,2057
1745872632.783833,2.709239,-0.008413,0.304078,-4.572645,0.163279,-0.078905,-3.795021,0.742718,0.544675,-11.528616,0.012720,1.210006,-11.519417,-0.518553,-1.093372,-1.151942,0.000000,0.000000,1859,2057,2057
1745872632.788828,2.709239,-0.008413,0.304078,-4.572645,0.163279,-0.078905,-6.102164,1.175149,1.187765,-18.502452,0.735265,2.686641,-18.484520,-1.793335,-2.131414,-1.848452,0.000000,0.000000,1759,2057,2057
1745872632.793829,2.627341,-0.009780,0.306930,-4.712304,0.140177,-0.090128,-10.239356,0.739082,1.174699,-31.003338,-0.089727,2.255571,-30.983700,-1.031356,-2.008069,-3.098370,0.000000,0.000000,1580,2057,2057
1745872632.798828,2.586693,-0.010339,0.308419,-4.493626,0.175165,-0.125279,-6.243857,1.229877,0.161592,-18.945285,0.793532,-0.496722,-18.953973,-0.412764,0.840314,-1.895397,0.000000,0.000000,1752,2057,2057
1745872632.803830,2.543832,-0.011214,0.310064,-4.748279,0.159614,-0.097255,-9.191114,1.008739,0.187347,-27.849809,0.526567,-0.427875,-27.857099,-0.194454,0.650070,-2.785710,0.000000,0.000000,1625,2057,2057
1745872632.808843,2.543832,-0.011214,0.310064,-4.748279,0.159614,-0.097255,-9.929907,0.744645,0.180654,-30.084667,-0.009622,-0.397354,-30.088290,0.231582,0.323057,-3.008829,0.000000,0.000000,1593,2057,2057
1745872632.813837,2.543832,-0.011214,0.310064,-4.748279,0.159614,-0.097255,-9.176811,0.487030,0.154277,-27.806538,-0.529680,-0.394929,-27.806856,0.660096,0.028349,-2.780686,0.000000,0.000000,1626,2057,2057
1745872632.818828,2.503549,-0.011921,0.311501,-4.437138,0.141669,-0.081041,0.029535,-0.174238,0.515302,0.061074,-1.683216,0.728931,0.080007,0.917895,-1.588202,0.008001,0.000000,0.000000,2058,2057,2057
1745872632.823837,2.503549,-0.011921,0.311501,-4.437138,0.141669,-0.081041,5.873766,-0.572931,0.681502,17.743476,-2.549192,1.278049,17.773817,1.286433,-2.545152,1.777382,0.000000,0.000000,2308,2057,2057
1745872632.828829,2.462571,-0.012776,0.313042,-4.500283,0.189310,-0.072166,7.291156,0.411498,0.919785,22.008416,-0.860051,1.571224,22.030940,-0.317498,-1.762990,2.203094,0.000000,0.000000,2369,2057,2057
1745872632.833832,2.424156,-0.013180,0.314374,-4.264088,0.119621,-0.086514,13.087376,-0.722762,0.606660,39.580433,-2.682044,1.064861,39.614250,1.320804,-2.565913,3.961425,0.000000,0.000000,2618,2057,2057
1745872632.838840,2.424156,-0.013180,0.314374,-4.264088,0.119621,-0.086514,15.150362,-1.352123,0.333956,45.817680,-3.964154,0.627346,45.858263,2.574512,-3.079223,4.585826,0.000000,0.000000,2706,2057,2057
1745872632.843832,2.424156,-0.013180,0.314374,-4.264088,0.119621,-0.086514,14.594317,-1.583074,0.121196,44.132542,-4.407994,0.194335,44.172670,3.193628,-3.044754,4.417267,0.000000,0.000000,2682,2057,2057
1745872632.848834,2.385343,-0.013648,0.316122,-4.318547,0.176319,-0.111042,11.121480,-0.146284,-0.629632,33.592868,-1.590763,-2.138611,33.586534,2.624655,0.464121,3.358653,0.000000,0.000000,2532,2057,2057
1745872632.853831,2.347618,-0.013504,0.317586,-4.162741,0.098167,-0.136318,11.380155,-1.134228,-1.645982,34.408180,-2.951726,-4.196333,34.396881,5.061803,0.836763,3.439688,0.000000,0.000000,2544,2057,2057
1745872632.858864,2.347618,-0.013504,0.317586,-4.162741,0.098167,-0.136318,10.142394,-1.623803,-2.090581,30.657247,-3.923080,-5.073067,30.647003,6.367977,0.758644,3.064700,0.000000,0.000000,2491,2057,2057
1745872632.863833,2.347618,-0.013504,0.317586,-4.162741,0.098167,-0.136318,8.128622,-1.729787,-2.111354,24.565139,-4.148620,-5.126350,24.556562,6.564083,0.635142,2.455656,0.000000,0.000000,2404,2057,2057
1745872632.868835,2.309208,-0.013547,0.319347,-4.281449,0.149897,-0.123027,2.943161,-0.318693,-1.541638,8.864547,-1.485686,-4.329309,8.839951,4.201729,1.815562,0.883995,0.000000,0.000000,2182,2057,2057
1745872632.873783,2.309208,-0.013547,0.319347,-4.281449,0.149897,-0.123027,-0.656986,0.602511,-0.998336,-2.018535,0.443713,-3.429015,-2.054251,2.237221,2.636502,-0.205425,0.000000,0.000000,1994,2057,2057
1745872632.878844,2.270318,-0.013738,0.321021,-4.267895,0.168431,-0.107619,-2.578886,1.586617,-0.140831,-7.829781,2.441518,-1.837122,-7.871697,-0.166302,3.051250,-0.787170,0.000000,0.000000,1911,2057,2057
1745872632.883833,2.270318,-0.013738,0.321021,-4.267895,0.168431,-0.107619,-3.452389,2.000975,0.408668,-10.463649,3.253818,-0.781693,-10.504768,-1.496864,2.993236,-1.050477,0.000000,0.000000,1873,2057,2057
1745872632.888830,2.233134,-0.013758,0.322442,-4.069290,0.104278,-0.114463,1.278363,0.448481,0.539662,3.880926,0.258482,0.042336,3.878480,-0.192341,0.177810,0.387848,0.000000,0.000000,2112,2057,2057
1745872632.893843,2.233134,-0.013758,0.322442,-4.069290,0.104278,-0.114463,4.123916,-0.591895,0.556556,12.490360,-2.124161,0.353407,12.516396,1.027597,-1.892533,1.251640,0.000000,0.000000,2234,2057,2057
1745872632.898836,2.195402,-0.014294,0.324098,-4.306417,0.208532,-0.054600,-0.392922,1.376765,1.963615,-1.212655,1.423901,2.659436,-1.206935,-2.989983,-0.400160,-0.120693,0.000000,0.000000,2006,2057,2057
1745872632.903835,2.195402,-0.014294,0.324098,-4.306417,0.208532,-0.054600,-3.206247,2.455514,2.614821,-9.713095,3.781742,3.718142,-9.725868,-5.227612,0.893530,-0.972587,0.000000,0.000000,1884,2057,2057
1745872632.908834,2.159322,-0.014051,0.325304,-3.861537,0.068280,-0.146280,6.304826,-0.598476,0.460704,19.109841,-1.757090,0.119751,19.131311,0.875818,-1.528106,1.913131,0.000000,0.000000,2328,2057,2057
1745872632.913840,2.159322,-0.014051,0.325304,-3.861537,0.068280,-0.146280,11.554774,-2.459077,-0.959912,34.969063,-5.818612,-2.284217,35.019250,5.130037,-3.571993,3.501925,0.000000,0.000000,2552,2057,2057
1745872632.918861,2.159322,-0.014051,0.325304,-3.861537,0.068280,-0.146280,13.461635,-3.336351,-1.742745,40.725034,-7.709375,-3.656733,40.786612,7.321270,-4.382803,4.078661,0.000000,0.000000,2634,2057,2057
1745872632.923836,2.122029,-0.013818,0.327133,-4.227415,0.144541,-0.115120,4.087702,-1.617762,-1.259581,12.350040,-4.290856,-3.410224,12.375870,5.152384,-1.869407,1.237587,0.000000,0.000000,2232,2057,2057
1745872632.928835,2.046564,-0.012373,0.330316,-4.389856,0.148121,-0.176446,-6.359054,-0.238477,-2.300622,-19.223328,-0.580360,-6.277763,-19.252523,5.846381,2.359621,-1.925252,0.000000,0.000000,1748,2057,2057
1745872632.933841,2.046564,-0.012373,0.330316,-4.389856,0.148121,-0.176446,-12.195809,0.664339,-2.677874,-36.886712,1.677866,-7.269141,-36.946366,5.693343,4.821312,-3.694637,0.000000,0.000000,1495,2057,2057
1745872632.938835,2.006569,-0.012080,0.331966,-4.307714,0.130852,-0.129063,-12.373510,0.729851,-1.428132,-37.428487,1.701134,-4.427279,-37.469694,3.295456,3.411205,-3.746969,0.000000,0.000000,1487,2057,2057
1745872632.943840,2.006569,-0.012080,0.331966,-4.307714,0.130852,-0.129063,-10.970733,0.681994,-0.460966,-33.170458,1.414994,-2.536367,-33.198889,1.702044,2.353555,-3.319889,0.000000,0.000000,1549,2057,2057
1745872632.948838,1.968042,-0.011570,0.333420,-4.466219,0.196016,-0.107813,-12.622192,2.164059,0.726731,-38.167729,4.564973,-0.856254,-38.220267,-0.976520,4.541071,-3.822027,0.000000,0.000000,1477,2057,2057
1745872632.953839,1.927215,-0.011651,0.335009,-4.368695,0.082505,-0.069827,-9.731517,0.055342,2.320522,-29.399717,-0.330855,3.397455,-29.382291,-3.068492,-1.495603,-2.938229,0.000000,0.000000,1603,2057,2057
1745872632.958855,1.927215,-0.011651,0.335009,-4.368695,0.082505,-0.069827,-6.701916,-1.288880,3.046110,-20.223536,-3.787664,5.005025,-20.161828,-3.368880,-5.296331,-2.016183,0.000000,0.000000,1735,2057,2057
1745872632.963838,1.927215,-0.011651,0.335009,-4.368695,0.082505,-0.069827,-3.979701,-1.974678,3.128434,-11.986870,-5.509014,5.301148,-11.905162,-3.045779,-7.012939,-1.190516,0.000000,0.000000,1853,2057,2057
1745872632.968840,1.886655,-0.011221,0.336900,-4.607321,0.220645,-0.096397,-7.611994,1.216549,2.147375,-22.991144,2.188086,1.803625,-23.008196,-2.394091,1.519672,-2.300820,0.000000,0.000000,1694,2057,2057
1745872632.973840,1.845293,-0.010799,0.338812,-4.535707,0.201564,-0.132689,-7.220506,2.616933,0.375113,-21.797809,6.388191,-1.617306,-21.868949,-0.174843,6.587803,-2.186895,0.000000,0.000000,1711,2057,2057
1745872632.978840,1.845293,-0.010799,0.338812,-4.535707,0.201564,-0.132689,-6.088425,3.182274,-0.791967,-18.388958,7.956348,-3.817539,-18.482839,1.517948,8.693775,-1.848284,0.000000,0.000000,1759,2057,2057
1745872632.983836,1.845293,-0.010799,0.338812,-4.535707,0.201564,-0.132689,-4.627649,3.150039,-1.432639,-13.978464,7.950557,-4.973316,-14.075668,2.632025,9.001506,-1.407567,0.000000,0.000000,1822,2057,2057
1745872632.988840,1.805340,-0.010312,0.340634,-4.371984,0.213272,-0.115363,0.879473,3.030778,-1.238263,2.679216,7.677848,-4.407125,2.591649,2.502135,8.492295,0.259165,0.000000,0.000000,2093,2057,2057
1745872632.993839,1.805340,-0.010312,0.340634,-4.371984,0.213272,-0.115363,4.250357,2.583928,-0.963695,12.880444,6.511716,-3.816478,12.805988,2.198668,7.220759,1.280599,0.000000,0.000000,2238,2057,2057
1745872632.998836,1.805340,-0.010312,0.340634,-4.371984,0.213272,-0.115363,5.861329,1.985131,-0.672142,17.757847,4.957586,-3.201850,17.700452,1.962046,5.566253,1.770045,0.000000,0.000000,2307,2057,2057
1745872633.003857,1.805340,-0.010312,0.340634,-4.371984,0.213272,-0.115363,6.164860,1.360452,-0.404179,18.679683,3.340326,-2.644461,18.639844,1.795768,3.863645,1.863984,0.000000,0.000000,2321,2057,2057
1745872633.008842,1.805340,-0.010312,0.340634,-4.371984,0.213272,-0.115363,5.599129,0.801954,-0.186607,16.971166,1.896865,-2.197069,16.946876,1.696084,2.355651,1.694688,0.000000,0.000000,2297,2057,2057
1745872633.013824,1.805340,-0.010312,0.340634,-4.371984,0.213272,-0.115363,4.559742,0.350908,-0.026204,13.828984,0.732826,-1.871202,13.817150,1.649661,1.147689,1.381715,0.000000,0.000000,2252,2057,2057
1745872633.018853,1.689651,-0.008369,0.345226,-4.472211,0.216808,-0.088134,0.865894,0.106609,0.750491,2.660940,0.328214,-0.455179,2.657761,0.413050,0.379884,0.265776,0.000000,0.000000,2094,2057,2057
1745872633.023995,1.652283,-0.007201,0.346044,-4.016175,0.007367,-0.139087,9.862801,-5.341689,-0.127206,29.843054,-13.113371,-0.120762,29.937100,1.187746,-13.060367,2.993710,0.000000,0.000000,2481,2057,2057
1745872633.028926,1.610625,-0.006532,0.348092,-4.723545,0.210699,-0.059445,-3.056811,-3.033745,1.286392,-9.212524,-7.651221,0.551459,-9.162445,-0.246363,-7.667275,-0.916244,0.000000,0.000000,1893,2057,2057
1745872633.033920,1.610625,-0.006532,0.348092,-4.723545,0.210699,-0.059445,-11.008402,-1.181290,2.041540,-33.261870,-2.875074,1.798229,-33.242638,-1.682322,-2.944459,-3.324264,0.000000,0.000000,1548,2057,2057
1745872633.038944,1.610625,-0.006532,0.348092,-4.723545,0.210699,-0.059445,-14.716375,0.143054,2.271222,-44.477455,0.545555,2.152624,-44.480456,-2.172640,0.459419,-4.448046,0.000000,0.000000,1387,2057,2057
1745872633.043911,1.569848,-0.005516,0.349291,-4.632256,0.137147,-0.131079,-13.009893,-0.837865,0.393535,-39.306431,-1.410531,-0.497408,-39.298648,0.496070,-1.411023,-3.929865,0.000000,0.000000,1461,2057,2057
1745872633.048976,1.525670,-0.004894,0.351285,-4.817267,0.196440,-0.034380,-14.894705,0.102825,1.530908,-45.032619,0.645785,1.011267,-45.036000,-0.981106,0.690755,-4.503600,0.000000,0.000000,1379,2057,2057
1745872633.053900,1.525670,-0.004894,0.351285,-4.817267,0.196440,-0.034380,-14.226995,0.665625,2.039455,-43.009382,2.111363,1.933403,-43.020132,-1.836189,2.196457,-4.302013,0.000000,0.000000,1408,2057,2057
1745872633.058861,1.482933,-0.004143,0.352996,-4.727901,0.179395,-0.078686,-9.924213,0.532412,1.044452,-29.974677,2.117691,0.467024,-29.983587,-0.279395,2.150521,-2.998359,0.000000,0.000000,1595,2057,2057
1745872633.063908,1.482933,-0.004143,0.352996,-4.727901,0.179395,-0.078686,-5.929450,0.381116,0.274068,-17.893258,1.698164,-0.896003,-17.899941,1.041561,1.613003,-1.789994,0.000000,0.000000,1767,2057,2057
1745872633.068950,1.482933,-0.004143,0.352996,-4.727901,0.179395,-0.078686,-2.674694,0.238326,-0.245197,-8.049302,1.310178,-1.813445,-8.054049,1.921418,1.146004,-0.805405,0.000000,0.000000,1908,2057,2057
1745872633.073906,1.442119,-0.003624,0.355032,-4.619920,0.281899,-0.031084,2.292442,2.610193,0.619154,6.985509,7.485131,-0.903286,6.959024,1.856328,7.307384,0.695902,0.000000,0.000000,2155,2057,2057
1745872633.078893,1.403097,-0.002900,0.356212,-4.188120,0.106653,-0.081930,15.736242,-0.473402,-0.146324,47.631918,-0.578465,-0.820944,47.633969,0.712874,-0.707380,4.763397,0.000000,0.000000,2731,2057,2057
1745872633.083935,1.403097,-0.002900,0.356212,-4.188120,0.106653,-0.081930,22.405747,-2.389559,-0.618445,67.807142,-5.526607,-1.791020,67.823814,0.843427,-5.748047,6.782381,0.000000,0.000000,3017,2057,2057
1745872633.088886,1.363416,-0.001836,0.357625,-4.512515,0.203264,-0.074003,15.923125,-0.939468,-0.642700,48.230344,-1.465781,-2.519284,48.233929,2.163506,-1.953091,4.823393,0.000000,0.000000,2740,2057,2057
1745872633.093881,1.363416,-0.001836,0.357625,-4.512515,0.203264,-0.074003,9.841393,0.103185,-0.580357,29.831504,1.200569,-2.324683,29.830226,2.522067,0.696201,2.983023,0.000000,0.000000,2479,2057,2057
1745872633.098844,1.363416,-0.001836,0.357625,-4.512515,0.203264,-0.074003,4.822532,0.746159,-0.470673,14.648201,2.850977,-2.078030,14.643864,2.620513,2.362036,1.464386,0.000000,0.000000,2264,2057,2057
1745872633.103842,1.325078,-0.000628,0.358281,-4.182206,0.095793,-0.114510,9.119213,-1.565627,-1.335364,27.613327,-3.299423,-2.898773,27.615780,2.009107,-3.905455,2.761578,0.000000,0.000000,2448,2057,2057
1745872633.108845,1.245271,0.001373,0.360815,-4.385534,0.165885,-0.047137,5.738454,-1.119537,-0.067736,17.401967,-1.893285,-1.174260,17.398988,0.507105,-2.169394,1.739899,0.000000,0.000000,2303,2057,2057
1745872633.113843,1.204404,0.002339,0.362454,-4.668751,0.256680,-0.036310,-4.036396,1.523031,1.006519,-12.129981,5.400945,0.625685,-12.117665,1.350732,5.266627,-1.211766,0.000000,0.000000,1850,2057,2057
1745872633.118849,1.204404,0.002339,0.362454,-4.668751,0.256680,-0.036310,-9.735179,3.010718,1.563800,-29.372326,9.180078,1.918906,-29.350674,1.497220,9.258231,-2.935067,0.000000,0.000000,1604,2057,2057
1745872633.123844,1.204404,0.002339,0.362454,-4.668751,0.256680,-0.036310,-12.136961,3.580209,1.723708,-36.638973,10.618667,2.313899,-36.613849,1.643818,10.742844,-3.661385,0.000000,0.000000,1500,2057,2057
1745872633.128846,1.163814,0.003235,0.363688,-4.395339,0.142745,-0.042669,-5.471296,0.710028,1.458129,-16.524866,2.876444,2.298973,-16.513377,-0.972579,3.551539,-1.651338,0.000000,0.000000,1787,2057,2057
1745872633.133846,1.163814,0.003235,0.363688,-4.395339,0.142745,-0.042669,-0.588017,-1.190980,1.111592,-1.749856,-1.858899,1.304812,-1.753707,-1.934061,-1.190572,-0.175371,0.000000,0.000000,1999,2057,2057
1745872633.138845,1.123127,0.004420,0.364969,-4.580802,0.209690,-0.063662,-1.970563,-0.607566,0.241989,-5.889289,-0.022060,-0.474364,-5.890284,0.418071,-0.225225,-0.589028,0.000000,0.000000,1939,2057,2057
1745872633.143869,1.123127,0.004420,0.364969,-4.580802,0.209690,-0.063662,-2.606784,-0.161983,-0.340502,-7.810829,0.960772,-1.518364,-7.809906,1.784627,0.208850,-0.780991,0.000000,0.000000,1912,2057,2057
